id,name,un_locode,country_iso,latitude,longitude,region_name,port_size
01KTY75HGWWX07NXACXY0GNGVK,Aarhus,DKAAR,DK,56.15,10.216667,Jylland,Medium
01KTY75JJVTD3CFPYSY3XSZ612,Abadan,IRABD,IR,30.333332,48.283333,Iran,Medium
01KTY75J021Z71TC5HB59P69EN,Aberdeen,GBABD,GB,57.15,-2.083333,Scotland East Coast,Medium
01KTY75G0634DBC26F5YGH3VD7,Abu Zaby,AEAUH,AE,24.5,54.333332,United Arab Emirates,Medium
01KTY75KBR23DM28JX90DJWZ0H,Acapulco,MXACA,MX,16.85,-99.933334,Mexico West Coast,Medium
01KTY75G61T9BAJCYQHV269DXY,Adelaide,AUADL,AU,-34.85,138.5,Australia,Medium
01KTY75MSYPEY3P6BQBNYK7YVB,Aden,YEADE,YE,12.783333,44.95,Yemen Aden,Medium
01KTY75K8X63G4X0YBS8TE0AKE,Agadir,MAAGA,MA,30.433332,-9.633333,Morocco Atlantic Coast,Large
01KTY75HP31AKQZN37WQNGBP7V,Ain Sukhna Terminal,EGAIS,EG,29.583332,32.36667,Egypt Red Sea,Large
01KTY75HNX9BJ6EKYT418YRJ5S,Al Arish,EGAAC,EG,31.152044,33.831078,Egypt Mediterranean,Medium
01KTY75JJ5RK7PY1RM2V36QF87,Al Basrah,IQBSR,IQ,30.516666,47.833332,Iraq,Medium
01KTY75M5RQ7BSFR04ZPTMAD46,Al Ladhiqiyah,SYALD,SY,35.533333,35.766666,Syria,Medium
01KTY75MT4KE4TXY7CW10J4MTZ,Al Mukha,YEMOK,YE,13.316667,43.25,Yemen Aden,Medium
01KTY75MD178ZPCVHD555KM6K9,Albany,USALB,US,42.65,-73.75,United States E Coast,Medium
01KTY75HP84QKHP4PYD4GZ515D,Alexandria,EGALY,EG,31.166668,29.833332,Egypt Mediterranean,Large
01KTY75J7GCNYECMG7BXD7M0Q5,Alexandroupoli,GRAXD,GR,40.833332,25.883333,Greece East Coast,Medium
01KTY75HQJZ165XJMA7ZTCXYYH,Algeciras,ESALG,ES,36.13,-5.44,Spain SW Coast,Large
01KTY75HKYC7ABNG5DKENP1WG8,Algiers,DZALG,DZ,36.766666,3.066667,Algeria,Large
01KTY75HQC2QNAMAZ5RHPA2278,Alicante,ESALC,ES,38.333332,-0.483333,Spain SE Coast,Medium
01KTY75KBYVMXWWQ3HF5J8JD69,Altamira,MXATM,MX,22.5,-97.88,Mexico East Coast,Large
01KTY75M7PAXW59XEG9M90Q447,Ambarli (Istanbul),TRAMB,TR,40.96,28.69,Turkey Asia,Large
01KTY75KHATKJTVDMJYX8KAZ6X,Amsterdam,NLAMS,NL,52.4,4.85,Netherlands,Large
01KTY75HKRVTWDJ204S246SX6X,Annaba,DZAAE,DZ,36.916668,7.766667,Algeria,Medium
01KTY75HBS2E7HV5N2T7A76Z02,Antilla,CUANT,CU,20.833332,-75.73333,Cuba North Coast,Large
01KTY75H5RBR4Q9TKMPZ9XP7MF,Antofagasta,CLANF,CL,-23.65,-70.416664,Chile,Medium
01KTY75G98RG9APQBY3CTKTJH6,Antwerp,BEANR,BE,51.26,4.4,Belgium,Large
01KTY75J9JAG45560CHRZD54AW,Apra Harbor,GUAPR,GU,13.45,144.61667,Guam,Medium
01KTY75JSYZG5PHF9DVB5ZPC06,Aqaba,JOAQB,JO,29.52,35,Jordan,Large
01KTY75H30B3FMTV5QT037VPBB,Argentia,CANWP,CA,47.3,-53.983334,Newfoundland S Coast,Medium
01KTY75KX7B8CM00VPJRKZDQJT,Arkhangels'k,RUARH,RU,64.529724,40.521667,Russia,Medium
01KTY75HQ09DR1XKSRW293GXT9,As Suways,EGSUZ,EG,29.966667,32.55,Egypt Red Sea,Large
01KTY75JEV770R9T0D2WHZT774,Ashdod,ILASH,IL,31.82,34.64,Israel,Large
01KTY75KWAJ323ZG65V4SBACE3,Asuncion,PYASU,PY,-25.27,-57.63,Paraguay,Medium
01KTY75KN05SMTRNX2PR7DAJJX,Auckland,NZAKL,NZ,-36.85,174.76666,New Zealand N Island,Large
01KTY75JMD5R6TJDNDS4AN1SJQ,Augusta,ITAUG,IT,37.216667,15.233333,Sicilia,Medium
01KTY75KV697SCQYX5PRN32TJX,Aveiro,PTAVE,PT,40.65,-8.65,Portugal,Medium
01KTY75HCVV0AHZKKW4DAXGJ4T,Bahai De La Habana,CUHAV,CU,23.133333,-82.36667,Cuba North Coast,Large
01KTY75G51BXPTFYTH94XXQZV9,Bahia Blanca,ARBHI,AR,-38.78,-62.29,Argentina,Medium
01KTY75HDGHGHX52V8X8BS1XVS,Bahia De Sagua De Tanamo,CUSDT,CU,20.683332,-75.333336,Cuba North Coast,Large
01KTY75G8NEWPNHKG8XJQ429B5,Baku (Alat) - Caspian,AZBAK,AZ,39.95,49.42,Azerbaijan (Caspian Sea),Medium
01KTY75KPN9MR4WSYQ2BCKDAMF,Balboa,PABLB,PA,8.95,-79.57,Panama West Coast,Large
01KTY75MD7PWWKDJV1GAZGQ2VN,Baltimore,USBAL,US,39.266666,-76.583336,United States E Coast,Large
01KTY75JK9KVFJR0DSB6FHXK38,Bandar Abbas,IRBND,IR,27.15,56.2,Iran,Medium
01KTY75JK21MMWTPTS88JEFTVJ,Bandar Imam Khomeini,IRBKM,IR,30.43,49.08,Iran,Medium
01KTY75M69WHHJM1QF1MP4N4Q8,Bangkok,THBKK,TH,13.75,100.5,Thailand,Large
01KTY75M5YC6PVR6BXN50B30R1,Baniyas,SYBAN,SY,35.18833,35.943333,Syria,Large
01KTY75K9VYA1R5SRKXMK8HJSB,Bar,MEBAR,ME,42.1,19.08,Montenegro,Medium
01KTY75HQSMFRN9AJRRGMM2F7V,Barcelona,ESBCN,ES,41.35,2.166667,Spain SE Coast,Large
01KTY75JMSPCGXKA870ZV7GE9W,Bari,ITBRI,IT,41.146,16.846,Italy East Coast,Medium
01KTY75HAMYE51M3A68Y8Y1PXR,Barranquilla,COBAQ,CO,10.966667,-74.76667,Colombia North Coast,Medium
01KTY75J0TSQA5R5ZARSGGTVX8,Barrow In Furness,GBBIF,GB,54.11667,-3.233333,England West Coast,Medium
01KTY75J0975ZVJTH3CD4RPWD0,Barry,GBBAD,GB,51.4,-3.266667,Wales,Medium
01KTY75H5FMJSV8V0B7ETMZVM7,Basel (Rhine),CHBSL,CH,47.57,7.61,Switzerland (Rhine),Medium
01KTY75KQV17T9539GX88EYSB6,Batangas,PHBTG,PH,13.75,121.05,Philippine Islands,Medium
01KTY75J6BJX5MZCX0X7WKKV4A,Batumi,GEBUS,GE,41.65,41.64,Georgia,Medium
01KTY75HXCB760N1XP7MKEVKA1,Bayonne,FRBAY,FR,43.5,-1.466667,France West Coast,Medium
01KTY75MDCVP57PVWGQ59NB31D,Bayonne,USBAY,US,40.683334,-74.1,United States E Coast,Medium
01KTY75ME8F497Q82X8GGBB9R8,Beaumont,USBPT,US,30.083332,-94.083336,US Gulf Coast,Medium
01KTY75KEWVEMT6H3YTBENES8G,Beira,MZBEW,MZ,-19.833332,34.833332,Mozambique,Medium
01KTY75K6H43Z7VAMYHRFEYR6P,Beirut,LBBEY,LB,33.9,35.5,Lebanon,Large
01KTY75HM5WKEFCAD01PHQXTD2,Bejaia,DZBJA,DZ,36.76,5.1,Algeria,Medium
01KTY75JBAKVE2EYJWG2SVTXKF,Belawan,IDBLW,ID,3.783333,98.683334,Sumatera,Medium
01KTY75GMG3GQBH4PMQZS8VN0A,Belem,BRBEL,BR,-1.45,-48.5,Brazil NE Coast,Medium
01KTY75J0G4N3DSYWBP7HK3ESP,Belfast,GBBEL,GB,54.61667,-5.9,Northern Ireland,Large
01KTY75K8B0G986C004STWF55M,Benghazi,LYBEN,LY,32.11667,20.05,Libya,Medium
01KTY75KJMTHTHYNX1R503WKGM,Bergen,NOBGO,NO,60.40278,5.298611,Norway,Medium
01KTY75HQZRVG9N5T3F67TYEQP,Bilbao,ESBIO,ES,43.35,-3.05,Spain N Coast,Medium
01KTY75KDMPRWCD056K044NVW3,Bintulu,MYBTU,MY,3.27,113.06,Sarawak,Large
01KTY75M6Z6X9EMJ4Z2QJ72WPM,Bizerte,TNBIZ,TN,37.27,9.88,Tunisia,Medium
01KTY75J11CAEFKK40ASMDMX94,Blyth,GBBLY,GB,55.11667,-1.5,England East Coast,Medium
01KTY75KG8P92G3HE2G22DYNNN,Bonny,NGBON,NG,4.45,7.166667,Nigeria,Medium
01KTY75MDT2PPEHTZ2PW1M7XJT,Boston,USBOS,US,42.35,-71.05,United States E Coast,Large
01KTY75HESH8QTED77DB2BZDBT,Bremerhaven,DEBRV,DE,53.55,8.57,Germany,Large
01KTY75MP8X3EXW5GBJJ226Y3G,Bremerton,USPWT,US,47.566666,-122.65,United States W Coast,Medium
01KTY75MDKWFW0MPMQ64F0NEX2,Bridgeport,USBDR,US,41.166668,-73.183334,United States E Coast,Medium
01KTY75JMKC7K169PJ81FB6MEC,Brindisi,ITBDS,IT,40.65,17.983334,Italy East Coast,Large
01KTY75G693FZGYGS0QN8DWK18,Brisbane,AUBNE,AU,-27.466667,153.03334,Australia,Large
01KTY75ME1SZT7F0117T5VH14G,Brooklyn,USBOY,US,40.666668,-74.01667,United States E Coast,Large
01KTY75HAT8JG9T1W6ZTAD2C3P,Buenaventura,COBUN,CO,3.88,-77.07,Colombia Pacific Coast,Large
01KTY75G59W5C94TYZARM3HGVJ,Buenos Aires,ARBUE,AR,-34.6,-58.36667,Argentina,Large
01KTY75MEDEH076B7PRDXFJCV7,Buffalo,USBUF,US,42.88333,-78.88333,US Lake Erie,Large
01KTY75HDQ9GV4JPMRPK973VQY,Bullen Baai,CWBUB,CW,12.183333,-69.03333,Curacao,Medium
01KTY75GADQM848HKHMZEP6563,Burgas,BGBOJ,BG,42.49,27.47,Bulgaria,Medium
01KTY75K5BC82WJNNGAN23M5A2,Busan,KRPUS,KR,35.1,129.03334,South Korea,Large
01KTY75JKGP1QF15ZX53QRR6EW,Bushehr,IRBUZ,IR,28.983334,50.833332,Iran,Medium
01KTY75HC1MZ4R31PZTGW6TT0K,Cabanas,CUCAB,CU,23,-82.96667,Cuba North Coast,Medium
01KTY75HR5APM3VHPHT6MTM57A,Cadiz,ESCAD,ES,36.533333,-6.3,Spain SW Coast,Medium
01KTY75KR789SFRJB0TGV5ZPHA,Cagayan De Oro,PHCGY,PH,8.5,124.666664,Philippine Islands,Medium
01KTY75JNZSQ3CQ52GY6GRNYZ8,Cagliari,ITCAG,IT,39.19,9.102,Sardegna,Medium
01KTY75MS5JEH3VCW7ZD9ZQHE2,Cai Mep,VNCMT,VN,10.52,107.02,Vietnam,Large
01KTY75HBBFBWGNJ5DBF073C0H,Caldera,CRCAL,CR,9.92,-84.72,Costa Rica Pacific Coast,Medium
01KTY75KQDPY5W50B54ZEAGE6V,Callao,PECLL,PE,-12.05,-77.15,Peru,Medium
01KTY75MEK5CN8FWCRR2QQ1DZM,Calumet Harbor,USCAY,US,41.733334,-87.51667,US Lake Michigan,Medium
01KTY75MEZ7SKQWY712NF3TK0Z,Camden,USCDE,US,39.95,-75.13333,United States E Coast,Medium
01KTY75H1XGK07S9WQ40D5W55N,Canaport (St. John),CACPT,CA,45.2,-65.98333,Nova Scotia Cont,Large
01KTY75MT98CRGEKM4034MTRRW,Cape Town,ZACPT,ZA,-33.916668,18.416668,South Africa,Large
01KTY75J188J6ESYZW68DH832G,Cardiff,GBCDF,GB,51.45,-3.166667,Wales,Medium
01KTY75HAZ9T667TMRY27HQAZW,Cartagena,COCTG,CO,10.416667,-75.53333,Colombia North Coast,Medium
01KTY75K93BE7CDWKMKBJ7NH4R,Casablanca,MACAS,MA,33.6,-7.616667,Morocco Atlantic Coast,Large
01KTY75HC8989DAY7RXBPRZAFY,Casilda,CUCAS,CU,21.75,-79.98333,Cuba South Coast,Medium
01KTY75JP87DJ0H9MHTZXAH4B2,Catania,ITCTA,IT,37.5,15.1,Sicilia,Medium
01KTY75HHWJZQ5PK3M7X1ZWBYN,Caucedo,DOCAU,DO,18.42,-69.63,Dominican Republic,Large
01KTY75KR1ST1YY9215SSW1QVP,Cebu,PHCEB,PH,10.3,123.9,Philippine Islands,Large
01KTY75H755GE4TV8K79EVF0EB,Chaozhou,CNCOZ,CN,23.616667,117.083336,China,Medium
01KTY75MFBWXZ1GHMPVHE0VYBB,Charleston,USCHS,US,32.78,-79.92,United States E Coast,Large
01KTY75JGCAR44KX8FMQQK93EF,Chennai,INMAA,IN,13.1,80.3,India East Coast,Large
01KTY75MFJPYJFBKRFEX0E0CF8,Chester,USCHT,US,39.85,-75.35,United States E Coast,Large
01KTY75MF5RHNNK41W3HNQHZCV,Chicago,USCHI,US,41.88333,-87.6,US Lake Michigan,Medium
01KTY75G8V556Z61JJPBN3FWRG,Chittagong,BDCGP,BD,22.316668,91.816666,Bangladesh,Medium
01KTY75MC56E5AP67C903FKNHJ,Chornomorsk,UACHM,UA,46.3,30.66,Ukraine,Medium
01KTY75HCEXQP1FMYG27BDE6Z2,Cienfuegos,CUCFG,CU,22.15,-80.45,Cuba South Coast,Large
01KTY75JBGZ3BY2EDTV7PBPD34,Cilacap,IDCXP,ID,-7.733333,109,Jawa,Large
01KTY75JPE89B5QSREW9PAM6DZ,Civitavecchia,ITCVV,IT,42.102,11.771,Italy West Coast Cont,Large
01KTY75MFTWVVCBN1BE2WNV6EW,Cleveland,USCLE,US,41.5,-81.71667,US Lake Erie,Large
01KTY75JE2QVWPC1WTW84NGV94,Cobh,IECOB,IE,51.85,-8.3,Ireland,Medium
01KTY75JFN10BP2T9YFXRR3Z62,Cochin,INCOK,IN,9.97,76.27,India West Coast,Large
01KTY75K6X0JG5DYS0MY693YEV,Colombo,LKCMB,LK,6.95,79.85,Sri Lanka,Medium
01KTY75KPVW24JPATFZRGFF36E,Colon (Cristobal),PACTB,PA,9.35,-79.916664,Panama East Coast,Medium
01KTY75J74G1F425RNHTE2DCQH,Conakry,GNCKY,GN,9.516667,-13.716667,Guinea,Medium
01KTY75KX18BJH3MA98TB5HHX8,Constanta,ROCND,RO,44.166668,28.65,Romania,Medium
01KTY75HH46VPS8JWBSB1AE92Y,Copenhagen,DKCPH,DK,55.7,12.616667,Sjaelland,Large
01KTY75JENVQTCFQK7JAKPCA8Z,Cork,IEORK,IE,51.85,-8.266667,Ireland,Medium
01KTY75H5ZF3276325C6P854FF,Coronel,CLCNL,CL,-37.03,-73.16,Chile,Medium
01KTY75MG1MWV6F20YBJ2DS457,Corpus Christi,USCRP,US,27.816668,-97.4,US Gulf Coast,Medium
01KTY75GHWWSS5RAYG4ZB7T6E3,Cotonou,BJCOO,BJ,6.35,2.433333,Benin,Medium
01KTY75HF2RNRCQ0Y1T4H5F74Z,Cuxhaven,DECUX,DE,53.86667,8.716667,Germany,Medium
01KTY75MSBSDEKEEF5KGVDPRHM,Da Nang,VNDAD,VN,16.1,108.22,Vietnam,Medium
01KTY75M5B2ATJRT2BKSCZ7E3F,Dakar,SNDKR,SN,14.683333,-17.433332,Senegal,Medium
01KTY75H7B2XDK40ZM85Z8DCFF,Dalian,CNDLC,CN,38.916668,121.666664,China Continued,Large
01KTY75HPDMVRDNZ6A3WC3BHMY,Damietta,EGDAM,EG,31.483334,31.75,Egypt Mediterranean,Large
01KTY75KZYNHP0F2BG8B2AHHXN,Dammam (King Abdulaziz),SADMM,SA,26.5,50.2,Saudi Arabia Continued,Large
01KTY75G6F04RH8BH2YDZQCPEE,Dampier,AUDAM,AU,-20.633333,116.71667,Australia,Medium
01KTY75MBTVE1KZ24HX1VCZM7B,Dar es Salaam,TZDAR,TZ,-6.816667,39.3,Tanzania,Medium
01KTY75G6NPSV0PB4NNV76A90P,Darwin,AUDRW,AU,-12.471389,130.84778,Australia,Medium
01KTY75KRDR5CHR0PZSKNE8JC7,Davao,PHDVO,PH,7.07,125.63,Philippine Islands,Medium
01KTY75KXDE8YZ0KCPC4A2DP0Z,De Kastri,RUDKA,RU,51.466667,140.78334,Russia,Medium
01KTY75MG74V5V4V00MRVMDAPG,Detroit,USDET,US,42.333332,-83.03333,US Lake Erie,Large
01KTY75KJ2X0FHJ2MNT39T88Y8,Dordrecht,NLDOR,NL,51.816666,4.65,Netherlands,Medium
01KTY75H6YMDV75YV7QPAGK9V9,Douala,CMDLA,CM,4.05,9.683333,Cameroon,Medium
01KTY75KJTBYJZ5HM3NFH5F5JK,Drammen,NODRM,NO,59.733334,10.25,Norway,Medium
01KTY75JE93ABP8HHVXVF54G64,Dublin,IEDUB,IE,53.35,-6.25,Ireland,Medium
01KTY75KXX34ZAD3HXJMAV475N,Dudinka,RUDUD,RU,69.4,86.166664,Russia,Medium
01KTY75MGF41SHHW6N5CQRNHX6,Duluth,USDLH,US,46.766666,-92.1,US Lake Superior,Medium
01KTY75JCHGEMCQW4DGAFR6WDJ,Dumai,IDDUM,ID,1.683333,101.45,Sumatera,Medium
01KTY75J1GEBFAS430S711JSXH,Dundee,GBDUN,GB,56.466667,-2.95,Scotland East Coast,Large
01KTY75HXSEQ75WB9G7BJ6XQC2,Dunkirk,FRDKK,FR,51.066666,2.35,France NW Coast,Medium
01KTY75KNWKT65PSVT38DSBSHW,Duqm,OMDQM,OM,19.673252,57.716908,Oman,Medium
01KTY75MTEP0JVWJR9AM1A8ZF1,Durban,ZADUR,ZA,-29.866667,31.066668,South Africa,Large
01KTY75G3RRGSNQBTZG84XHA10,Durres,ALDRZ,AL,41.31,19.45,Albania,Medium
01KTY75KC4G9P4CTV5JD2JJH0A,Ensenada,MXESE,MX,31.866667,-116.63333,Mexico West Coast,Medium
01KTY75M167DT0Y72E4JT8V88H,Falkenberg,SEFAG,SE,56.881668,12.466111,Sweden,Medium
01KTY75J1S33VG3YB7YYX00C4M,Falmouth Harbour,GBFAL,GB,50.15,-5.066667,England South Coast,Medium
01KTY75H7HW1XSJRCDHFQF4BTF,Fang-Cheng,CNFAN,CN,21.75,108.35,China,Medium
01KTY75J213AW2D32B2D6GV0N9,Felixstowe,GBFXT,GB,51.95,1.31,England East Coast,Large
01KTY75HRC3T2KDSZNTHA2032S,Ferrol,ESFRO,ES,43.483334,-8.233333,Spain N Coast,Medium
01KTY75KATK8WCG5SBDKM98CZF,Fort De France,MQFDF,MQ,14.6,-61.066666,Martinique,Medium
01KTY75JEF509NN8TVYDVXJHNB,Foynes,IEFOV,IE,52.61667,-9.116667,Ireland,Large
01KTY75HHC2194CZERZJVMFQNE,Fredericia,DKFRC,DK,55.56,9.75,Jylland,Medium
01KTY75H1GHB0XPAY87FFR4YH5,Freeport (Grand Bahama),BSFPO,BS,26.51,-78.77,Bahama Islands,Large
01KTY75G6VNQR9D49AND2Z13CN,Fremantle,AUFRE,AU,-32.05,115.75,Australia,Large
01KTY75G2394A91QKJRBAQSZA8,Fujairah,AEFJR,AE,25.16,56.35,United Arab Emirates,Large
01KTY75JTBSWYKX9Q607JRAAN5,Fukui Ko,JPFKJ,JP,36.183334,136.1,Japan,Medium
01KTY75JTJM3WN07CNF98VQD7B,Fukuyama,JPFYM,JP,34.433334,133.43333,Japan,Medium
01KTY75KVC8JEP28TB9BHNS2YM,Funchal,PTFNC,PT,32.63333,-16.916668,Arquipelago Da Madeira,Large
01KTY75JPK2MFG814TAKT3SV60,Gallipoli,ITGAL,IT,40.06,17.984,Italy East Coast,Medium
01KTY75MH2XQ4KBG9D68YCHNTG,Galveston,USGLS,US,29.316668,-94.78333,US Gulf Coast,Large
01KTY75MH8FKGFEB36MC903QAD,Gary,USGYY,US,41.61667,-87.333336,US Lake Michigan,Medium
01KTY75KT7Y6R7DJC771AE451W,Gdansk,PLGDN,PL,54.4,18.66,Poland,Large
01KTY75KTEFD9FG0SGX0ANVBQN,Gdynia,PLGDY,PL,54.533333,18.55,Poland,Large
01KTY75G73SN4G0YH1Y8S8A56K,Geelong,AUGEX,AU,-38.15,144.36667,Australia,Medium
01KTY75M8D2XWBSND9CXCE6ARE,Gemlik,TRGEM,TR,40.42,29.13,Turkey Asia,Medium
01KTY75JPZCXE12D68JH3RE372,Genoa,ITGOA,IT,44.398,8.922,Italy West Coast,Large
01KTY75K6B7WQJ8QA23C5W8SWF,George Town,KYGEC,KY,19.3,-81.38,Cayman Islands,Medium
01KTY75JA0DXY42G529SGNQRNX,Georgetown,GYGEO,GY,6.833333,-58.166668,Guyana,Medium
01KTY75M4T77WDB8AQPQJ03SZQ,Georgetown,SHASI,SH,-7.933333,-14.416667,Ascension,Medium
01KTY75JPSSEME9F7JXDREK0E9,Gioia Tauro,ITGIT,IT,38.45,15.9,Italy West Coast Cont,Large
01KTY75K9NSPV4K7HCE1B07SQK,Giurgiulesti,MDGIU,MD,45.47,28.21,Moldova,Medium
01KTY75M1S8NDW7XMQ6F8PQ20D,Gothenburg,SEGOT,SE,57.69,11.84,Sweden,Large
01KTY75J2857WAC5YPA2XGMXZM,Greenock,GBGRK,GB,55.95,-4.75,Scotland West Coast,Medium
01KTY75JKYSE8K1YQ76Q2HFM08,Grundartangi,ISGRT,IS,64.26667,-22,Iceland  West Coast,Medium
01KTY75H7WGJHMYP7GQV18AWAH,Guangzhou,CNGZG,CN,23.116667,113.23333,China,Medium
01KTY75HMQVK29H0R117J4WMMD,Guayaquil,ECGYE,EC,-2.27,-79.9,Ecuador,Large
01KTY75KSKPDFPPEEKGD38HWYT,Gwadar,PKGWD,PK,25.133333,62.3,Pakistan,Medium
01KTY75K4CYSGXSKSS5GNZA7FP,Gwangyang,KRKAN,KR,34.90846,127.75012,South Korea,Medium
01KTY75MSHVBGFDA9431AQ6X1T,Hai Phong,VNHPH,VN,20.86,106.7,Vietnam,Large
01KTY75JF1EGXYDM15EJE899RP,Haifa,ILHFA,IL,32.816666,35,Israel,Medium
01KTY75JVFWRYGNZQV0VPH37JY,Hakata,JPHKT,JP,33.6,130.4,Japan,Medium
01KTY75JV99YE0EMQ1ZQXKGX46,Hakodate Ko,JPHKD,JP,41.783333,140.71666,Japan,Medium
01KTY75H248N7CJ3ANAKEFQX18,Halifax,CAHAL,CA,44.65,-63.583332,Nova Scotia Cont,Large
01KTY75KWP354445HMBS2AC9GV,Hamad Port,QAHMD,QA,25,51.6,Qatar,Large
01KTY75K73D8DZ93YFQE3NPXKG,Hambantota,LKHBT,LK,6.12,81.1,Sri Lanka,Medium
01KTY75HFADSFPKHFBA63C4F1F,Hamburg,DEHAM,DE,53.54,9.93,Germany,Large
01KTY75H2BW6RPPWSY7NJE3BEG,Hamilton,CAHAM,CA,43.25,-79.85,Canada Lake Ontario,Medium
01KTY75HVG7T7DRVNHSPGW341F,HaminaKotka,FIKTK,FI,60.466667,26.966667,Finland,Large
01KTY75KK7MTCZKCG5G5YYAG83,Hammerfest,NOHFT,NO,70.666664,23.666668,Norway,Medium
01KTY75H871X353BD82374F21N,Hankow,CNHNK,CN,30.583332,114.28333,China Continued,Medium
01KTY75KKK6E5QM5TDWEG800V3,Harstad,NOHRD,NO,68.8,16.55,Norway,Medium
01KTY75M8KD3REYA5N1JS1E6R1,Haydarpasa,TRHAY,TR,41,29.016666,Turkey Asia,Medium
01KTY75M207BY4N7H6RAJ2GXG4,Helsingborg,SEHEL,SE,56.03528,12.6877775,Sweden,Medium
01KTY75HTS5SS1ZT98B4TEBN38,Helsinki,FIHEL,FI,60.166668,24.966667,Finland,Large
01KTY75JTRY4KBVMJJ92APHR1G,Higashi-Harima,JPHHR,JP,34.7,134.83333,Japan,Medium
01KTY75MJHJA08RXVSJG0XA86F,Hilo,USITO,US,19.733334,-155.06667,Hawaiian Islands,Medium
01KTY75JV3M4RKS5NVPJB9K4PP,Himeji,JPHIM,JP,34.75,134.63333,Japan,Medium
01KTY75JTXBZJ5J7VY8FYY3X54,Hiroshima,JPHIJ,JP,34.35,132.46666,Japan,Medium
01KTY75MSRRB19JYHEPDMTWVWP,Ho Chi Minh City,VNSGN,VN,10.766667,106.71667,Vietnam,Medium
01KTY75G78Z8PTV5ESQJ2BGSHG,Hobart,AUHBA,AU,-42.88333,147.33333,Tasmania,Medium
01KTY75MHGY57PDGX6YZ9GT2XD,Hoboken,USHBK,US,40.75,-74.01667,United States E Coast,Medium
01KTY75JA8A1H2DXZ8WW9QPPRP,Hong Kong,HKHKG,HK,22.266666,114.2,Hong Kong,Large
01KTY75MHQ3JN93KAVV9GP8VXD,Honolulu,USHNL,US,21.3,-157.86667,Hawaiian Islands,Medium
01KTY75KKD6ZX8Q6JHCEV6WBC8,Horten,NOHOR,NO,59.416668,10.5,Norway,Medium
01KTY75MHXHJV0HJHZTJBAK3B8,Houston,USHOU,US,29.73,-95.27,US Gulf Coast,Large
01KTY75MA169EWJJB2ERWEH37T,Hua-Lien Kang,TWHUN,TW,23.983334,121.6,Taiwan,Medium
01KTY75HRHJ3G36A58NZ4W3KVD,Huelva,ESHUV,ES,37.25,-6.95,Spain SW Coast,Medium
01KTY75MCB1C8EMZ0N68JB8R2T,Illichivsk,UAILK,UA,46.3,30.65,Ukraine,Large
01KTY75K46EXT3BA6VHWPWR77C,Incheon,KRINC,KR,37.466667,126.61667,South Korea,Large
01KTY75MGPN3B4DW2J2DNR8A1M,Indiana Harbor,USECH,US,41.666668,-87.433334,US Lake Michigan,Medium
01KTY75H65ACK9GBKBPC4K666Q,Iquique,CLIQQ,CL,-20.21,-70.15,Chile,Medium
01KTY75J7X2SH2XWVTFFP18AAJ,Iraklion,GRHER,GR,35.35,25.15,Kriti,Medium
01KTY75JVPCZRNG5YEWH868JGB,Ishikari Bay New Port,JPISI,JP,43.216667,141.28334,Japan,Medium
01KTY75M8T9EPZ6TGB1AJ85KWC,Iskenderun,TRISK,TR,36.68,36.18,Turkey Asia,Medium
01KTY75GNDBJRFW245G97RMY9X,Itajai,BRITJ,BR,-26.916668,-48.63333,Brazil SE Coast,Medium
01KTY75M91HWQARW1DSG8P9Q13,Izmir,TRIZM,TR,38.433334,27.133333,Turkey Asia,Large
01KTY75G2JQGZSN0F95SM57N8Y,Jabal Az Zannah/ruways,AEJED,AE,24.2,52.7,United Arab Emirates,Medium
01KTY75MJPVZK4HKD8HYV7CTDC,Jacksonville,USJAX,US,30.316668,-81.65,United States E Coast,Medium
01KTY75JCQ0QMW40NM87F1NV4P,Jakarta,IDJKT,ID,-6.1,106.88333,Jawa,Large
01KTY75M50G8FYARWR132RS51X,Jamestown,SHSHN,SH,-15.916667,-5.716667,Ascension,Large
01KTY75G2B4E235NBVP0GT8RXA,Jebel Ali,AEJEA,AE,25.016666,55.05,United Arab Emirates,Large
01KTY75M0391VECQZT302FEB49,Jeddah,SAJED,SA,21.48,39.16,Saudi Arabia Red Sea Coast,Large
01KTY75MJWPM2KZMW3SYVEAW13,Jersey City,USJEC,US,40.716667,-74.03333,United States E Coast,Medium
01KTY75KDTZHJRC1AQ4A6FR3GW,Johor (Pasir Gudang),MYJHB,MY,1.433333,103.9,Malaysia,Large
01KTY75M09J8GBT18SF5F79SH4,Jubail,SAJUB,SA,27,49.66,Saudi Arabia Continued,Large
01KTY75M43BCVNE81QJDHHGAK9,Jurong Island,SGJUR,SG,1.283333,103.73333,Singapore,Large
01KTY75JWAHAPGPSZ6BMM5JAC2,Kagoshima Ko,JPKOJ,JP,31.583332,130.56667,Japan,Medium
01KTY75KY34CCWDE3DVKM2SE8G,Kaliningrad,RUKGD,RU,54.7,20.483334,Russia,Medium
01KTY75MADNFRM07XM9MRZDFAA,Kaohsiung,TWKHH,TW,22.616667,120.25,Taiwan,Large
01KTY75KSWX550A92MWA1BGFW5,Karachi,PKKHI,PK,24.783333,66.98333,Pakistan,Medium
01KTY75M2C91WAPW5TXGQY32SF,Karlsborg,SEKXV,SE,65.8,23.283333,Sweden Cont,Medium
01KTY75M26TSXAN9R2RVCBWGV0,Karlshamn,SEKAN,SE,56.15278,14.869166,Sweden,Medium
01KTY75KKS183AQZYJQGHP6K11,Karsto,NOKAR,NO,59.266666,5.516667,Norway,Medium
01KTY75HTY8QE1CHJC0407G60J,Kaskinen,FIKAS,FI,62.38333,21.233334,Finland,Medium
01KTY75JG56S311XA1PVDJTFST,Kattupalli Port,INKRI,IN,13.306945,80.35222,India East Coast,Large
01KTY75JX3QX9WN14QCYJXZCJW,Kawasaki Ko,JPKWS,JP,35.5,139.76666,Japan,Large
01KTY75MA7FZVHV9S9XHFJGV25,Keelung,TWKEL,TW,25.133333,121.76667,Taiwan,Large
01KTY75M494K8Y2D7GPAMW5HAT,Keppel - (East Singapore),SGKEP,SG,1.283333,103.85,Singapore,Large
01KTY75J7PHHDRY9NVKQE8X4AC,Kerkira,GRCFU,GR,39.61667,19.933332,Greece West Coast,Medium
01KTY75GCCYRAAJRB7QTVZ8FYZ,Khalifa Bin Salman,BHKBS,BH,26.25,50.75,Bahrain,Medium
01KTY75G2TW1CWC6J3WFDDQFJ8,Khalifa Port (Abu Dhabi),AEKHL,AE,24.8,54.64,United Arab Emirates,Large
01KTY75G3073KK754T2XBPPX75,Khorfakkan,AEKLF,AE,25.362778,56.36889,United Arab Emirates,Medium
01KTY75JKQM0ZQT6369WEBWB4T,Khorramshahr,IRKHO,IR,30.433332,48.183334,Iran,Medium
01KTY75HFJSWFVHZJKDNZZ5TBB,Kiel,DEKEL,DE,54.316666,10.133333,Germany,Large
01KTY75M0FAG3G8FA6H2QBJMTZ,King Abdullah Port,SAKAC,SA,22.5,39.1,Saudi Arabia Red Sea Coast,Large
01KTY75JSQ9ZV9KH7Y2DD83AJT,Kingston,JMKIN,JM,17.966667,-76.78333,Jamaica South Coast,Medium
01KTY75K7H817W8SAB64ERMA6C,Klaipeda,LTKLJ,LT,55.716667,21.116667,Lithuania,Medium
01KTY75K0C9VCRF3SFVS7HEYQ4,Kobe,JPUKB,JP,34.65,135.18333,Japan,Large
01KTY75JFWQ4WSXYTMYBJSVJPP,Kochi (Cochin),INKOC,IN,9.966667,76.23333,India West Coast,Medium
01KTY75JVW7EF1VKE83XN003MG,Kochi Ko,JPKCZ,JP,33.5,133.56667,Japan,Medium
01KTY75HV4DKDZGY60KA337H2N,Kokkola,FIKOK,FI,63.85,23.016666,Finland,Large
01KTY75JFE9CFEKBX4T281XBRC,Kolkata,INCCU,IN,22.55,88.333336,India East Coast,Large
01KTY75M55S1EQVAY1VEBX9KDS,Koper,SIKOP,SI,45.55,13.73,Slovenia,Large
01KTY75KDDV5ZWQYC9WSRE5G7Y,Kota Kinabalu,MYBKI,MY,5.983333,116.066666,Sabah,Medium
01KTY75HVAV5FG64DVEK5S49YP,Kristinestad,FIKRS,FI,62.283333,21.4,Finland,Medium
01KTY75JWGWV7MCVAVG2B0M6KS,Kure,JPKRE,JP,34.233334,132.55,Japan,Medium
01KTY75JWXEVQCQK30K8AP4VG2,Kushiro Ko,JPKUH,JP,42.983334,144.36667,Japan,Medium
01KTY75M75R40H9A19D6PD493H,La Goulette,TNLGN,TN,36.8,10.3,Tunisia,Medium
01KTY75MR929D345W34FKN5DZP,La Guaira,VELAG,VE,10.6,-66.93,Venezuela,Medium
01KTY75HYABXY6KX70ZVEBP7AW,La Pallice,FRLPE,FR,46.166668,-1.216667,France West Coast,Medium
01KTY75G5GN3PYYC27G4Y691VW,La Plata,ARLPG,AR,-34.833332,-57.88333,Argentina,Medium
01KTY75HYG6X2CFK3BG8374AM7,La Rochelle,FRLRH,FR,46.15,-1.15,France West Coast,Medium
01KTY75JRQDG6YYPM2N7JSC6E9,La Spezia,ITSPE,IT,44.1,9.833333,Italy West Coast,Large
01KTY75M6EW81TJZ8ZH52783EX,Laem Chabang,THLCH,TH,13.08,100.89,Thailand,Large
01KTY75KGPZW8G0NBHNKW308N4,Lagos,NGLOS,NG,6.4,3.4,Nigeria,Large
01KTY75KVXQYKKEVFGDBZQJSXR,Lagos,PTLOS,PT,37.1,-8.616667,Portugal,Large
01KTY75K3CPQXQR8FVKK3BX3M3,Lamu,KELAU,KE,-2.27,40.9,Kenya,Medium
01KTY75HE3J7CGZ6MMFJ804FZE,Larnaca,CYLCA,CY,34.91,33.64,Cyprus,Medium
01KTY75HRRBKN37ACNBFZ7B7BV,Las Palmas,ESLPA,ES,28.15,-15.416667,Islas Canarias,Large
01KTY75KCAKP8W86BRBH1WYTBJ,Lazaro Cardenas,MXLZC,MX,17.94,-102.17,Mexico West Coast,Large
01KTY75HY4P8WK0XM5D7WM9TH8,Le Havre,FRLEH,FR,49.48,0.12,France NW Coast,Large
01KTY75KVJ776JX6ZWMF95K7JD,Leixoes (Porto),PTLEI,PT,41.18,-8.7,Portugal,Medium
01KTY75KGG30EBTQ1838C51RK6,Lekki,NGLKK,NG,6.43,4.01,Nigeria,Large
01KTY75J2N451DTF1VX0EWSFA7,Lerwick,GBLER,GB,60.167,-1.15,Shetland Islands,Medium
01KTY75HYX49R3TC4BHTYVKRNA,Les Sables D' Olonne,FRLSO,FR,46.5,-1.8,France West Coast,Medium
01KTY75HZPD8PV4JFT3M46Y09W,Libreville,GALBV,GA,0.383333,9.45,Gabon,Medium
01KTY75K7RHT7CVBQBY12QCWNR,Liepaja,LVLPX,LV,56.516666,21.016666,Latvia,Medium
01KTY75HEAX6322DJ8T7AKYKWG,Limassol,CYLMS,CY,34.65,33.02,Cyprus,Medium
01KTY75KVQFZTEDA93AHMQ58G5,Lisbon,PTLIS,PT,38.7,-9.166667,Portugal,Large
01KTY75J3H8YG51EV548ME20W2,Liverpool,GBLIV,GB,53.45,-3.02,England West Coast,Large
01KTY75JQ56KZ8MQ0NVT93EDMQ,Livorno,ITLIV,IT,43.542,10.29,Italy West Coast,Large
01KTY75G4T75ZN8S30B8C5Z3KS,Lobito,AOLOB,AO,-12.34,13.55,Angola,Medium
01KTY75M639D2QCE48AFQNKVNK,Lome,TGLFW,TG,6.133333,1.283333,Togo,Medium
01KTY75J404VM3C6PGC1V9GK5A,London,GBLON,GB,51.5,-0.083333,England East Coast,Large
01KTY75J3A4F39XSDD4ZFT8BKD,London Gateway,GBLGP,GB,51.51,0.46,England East Coast,Large
01KTY75J2FHV92QBZP57BMT1TK,Londonderry,GBLDY,GB,55,-7.316667,Northern Ireland,Medium
01KTY75MK8SXC1FEWA4FGYX72D,Long Beach,USLGB,US,33.766666,-118.183334,United States W Coast,Medium
01KTY75HYPYDGDH2CSTH3WSWYQ,Lorient,FRLRT,FR,47.75,-3.35,France West Coast,Medium
01KTY75MK224PS3ERGVAYC5TP8,Los Angeles,USLAX,US,33.75,-118.25,United States W Coast,Large
01KTY75G47JEPV8YZBBJJAPCES,Luanda,AOLAD,AO,-8.78,13.23,Angola,Medium
01KTY75KFT4F5MR82VABSJ82WJ,Luderitz,NALUD,NA,-26.65,15.16,Namibia,Medium
01KTY75M2KM0K008HXPWF1RDHT,Lulea,SELLA,SE,65.583336,22.166668,Sweden Cont,Medium
01KTY75J48RTTCZPDHS16PSAFZ,Lyness,GBLYS,GB,58.833332,-3.2,Orkney Islands,Medium
01KTY75KN5HYGG4255A1XHWR34,Lyttelton,NZLYT,NZ,-43.6,172.72,New Zealand S Island,Medium
01KTY75KAMF80QDPMMNM6BCVSY,Macau,MOMFM,MO,22.183332,113.566666,Macau,Medium
01KTY75JCY1PCV3G9S8VZVJK0N,Makassar,IDMAK,ID,-5.13,119.42,Sulawesi,Medium
01KTY75HQ66F69M93SKFJ6CH6S,Malaga,ESAGP,ES,36.716667,-4.416667,Spain SE Coast,Medium
01KTY75M2SJCNR7Z29V1B2HA8Q,Malmo,SEMMA,SE,55.623333,12.984722,Sweden,Large
01KTY75KRKD0Q5YR4EBW03S10D,Manila,PHMNL,PH,14.583333,120.96667,Philippine Islands,Large
01KTY75MM6RN007RCZ3RTNTWPX,Manitowoc,USMTW,US,44.092224,-87.64833,US Lake Michigan,Medium
01KTY75HVNEGAWXT2RQZFC9XDS,Mantyluoto,FIMTY,FI,61.6,21.483334,Finland,Medium
01KTY75KNBZ9C8JMQ592465F8E,Manukau Harbor,NZMCY,NZ,-36.933334,174.78334,New Zealand N Island,Medium
01KTY75KD7Q3RPASGPE293NBVW,Manzanillo,MXZLO,MX,19.05,-104.316666,Mexico West Coast,Medium
01KTY75KQ02XY1QDQM1W52PSTW,Manzanillo (MIT),PAMIT,PA,9.37,-79.83,Panama East Coast,Large
01KTY75KFM6RV9KH2VKB1HZ4SM,Maputo,MZMPM,MZ,-25.97,32.58,Mozambique,Medium
01KTY75MRF3GEVK6NXYPGZV6C4,Maracaibo,VEMAR,VE,10.633333,-71.6,Venezuela,Medium
01KTY75KB6QH5XNC96K0HC1SCQ,Marsaxlokk (Malta Freeport),MTMAR,MT,35.83,14.54,Malta,Large
01KTY75HXYQJVQZZ3G4TQ75N9G,Marseille-Fos,FRFOS,FR,43.4,4.88,France Mediterranean Coast,Large
01KTY75K4JDV671EKGCSKY2CG2,Masan,KRMAS,KR,35.183334,128.56667,South Korea,Medium
01KTY75KCG3B8Q9872A5872B85,Mazatlan,MXMZT,MX,23.2,-106.416664,Mexico West Coast,Medium
01KTY75G7FT5ZJ8M20M7AF11D4,Melbourne,AUMEL,AU,-37.833332,144.96666,Australia,Large
01KTY75M989C3H8GPQWQMWK8Q9,Mersin,TRMER,TR,36.8,34.63333,Turkey Asia,Medium
01KTY75JQRX2KNGTVR7XRA5A2Q,Messina,ITMSN,IT,38.2,15.566667,Sicilia,Large
01KTY75MKEJMD4SHWGRKB56JMM,Miami,USMIA,US,25.77,-80.17,United States E Coast,Large
01KTY75JXN3RCEFNZ4TPV2FA81,Mikawa,JPMKW,JP,34.716667,137.3,Japan,Large
01KTY75JQB2H36DHSSRAZKAJ2H,Milazzo,ITMLZ,IT,38.216667,15.25,Sicilia,Medium
01KTY75J4EPMW96D878FJ623YX,Milford Haven,GBMLF,GB,51.716667,-5.033333,Wales,Medium
01KTY75MKM0C7CJCV0YZVZRXK2,Milwaukee,USMKE,US,43.033333,-87.88333,US Lake Michigan,Medium
01KTY75K5RZ35E19J7TBAAZTVD,Mina Al Ahmadi,KWMEA,KW,29.066668,48.166668,Kuwait,Medium
01KTY75GEFB952XHQ4Z0X7SXDA,Mina Salman,BHMIN,BH,26.2,50.63333,Bahrain,Medium
01KTY75K8JCR65EXS65A1HVCWM,Misrata,LYMRA,LY,32.37,15.22,Libya,Medium
01KTY75JX9S0F8DTPSCC1VJEF3,Miyazu,JPMIY,JP,35.533333,135.2,Japan,Medium
01KTY75JXFP6W20BMBPZNXEN9K,Mizushima Ko,JPMIZ,JP,34.5,133.75,Japan,Medium
01KTY75MKTBB2A7YM0V555GN7A,Mobile,USMOB,US,30.683332,-88.11667,US Gulf Coast,Large
01KTY75HBHCDQZGNKC56TQYCZJ,Moin (Puerto Limon),CRLIO,CR,10,-83.03,Costa Rica Caribbean Coast,Large
01KTY75JXVQ4Z5W6AQHC7YF0A0,Moji Ko,JPMOJ,JP,33.95,130.96666,Japan,Medium
01KTY75K4YGR9FF8E734EGS2Y0,Mokpo,KRMOK,KR,34.783333,126.38333,South Korea,Medium
01KTY75K3M262XGRSN3742P8Q8,Mombasa,KEMBA,KE,-4.066667,39.666668,Kenya,Medium
01KTY75JQJK6T73DDJ70QM090X,Monfalcone,ITMNF,IT,45.783333,13.55,Italy East Coast,Medium
01KTY75G91W8ECH5BH7HVVD0EY,Mongla,BDMGL,BD,22.49,89.59,Bangladesh,Medium
01KTY75KM0DMVJ6XWRSQ5V3A69,Mongstad,NOMON,NO,60.830833,5.036667,Norway,Medium
01KTY75MR41VYHAZASX7C0ZWQX,Montevideo,UYMVD,UY,-34.9,-56.216667,Uruguay,Medium
01KTY75HZ4RB0D9F756PF3XC15,Montoir,FRMTX,FR,47.3,-2.133333,France NW Coast Cont,Medium
01KTY75H2H87DQSAKBEZH4DF7Z,Montreal,CAMTR,CA,45.516666,-73.55,Canada St Lawrence R,Large
01KTY75JF7GTW68GHVAJR95SWH,Mumbai (Bombay),INBOM,IN,18.966667,72.86667,India West Coast,Large
01KTY75JGJ9KQN85Y11PED2YN2,Mundra,INMUN,IN,22.74,69.7,India West Coast,Large
01KTY75M5H15GR3B6FQ2MFX06C,Muqdisho,SOMGQ,SO,2.033333,45.35,Somalia,Large
01KTY75KYZ44508SCKH1PH9ATK,Murmansk,RUMMK,RU,68.98333,33.05,Russia,Large
01KTY75JY1PAK33KXX9F3SEDMJ,Muroran Ko,JPMUR,JP,42.35,140.96666,Japan,Medium
01KTY75KP3TBPHVJDQ1PCCXHJ5,Muscat (Sultan Qaboos),OMMCT,OM,23.62,58.57,Oman,Medium
01KTY75KFCJ6R8SZ0RHSQZ1BR6,Nacala,MZMNC,MZ,-14.54,40.67,Mozambique,Medium
01KTY75JYCFMRS37KRPMQ7Y70G,Nagasaki,JPNGS,JP,32.716667,129.85,Japan,Large
01KTY75JY694PKCSR6K8VN3DZD,Nagoya,JPNGO,JP,35.066666,136.86667,Japan,Large
01KTY75HZA4FD4FKFZ1EGXM1TZ,Nantes,FRNTE,FR,47.2,-1.566667,France West Coast,Medium
01KTY75JQYTYPBWP28WJ27W1XQ,Naples,ITNAP,IT,40.833,14.275,Italy West Coast Cont,Large
01KTY75H1PEWETW9E1E9579ZM4,Nassau,BSNAS,BS,25.083332,-77.35,Bahama Islands,Medium
01KTY75GQXN141ZFF6D5GS6NHA,Navegantes,BRNVT,BR,-26.89,-48.65,Brazil SE Coast,Medium
01KTY75M9FAKSRMERQ03ZSSBM7,Nemrut Limani Bay,TRNEM,TR,38.766666,26.916668,Turkey Asia,Medium
01KTY75JGSJ4S7DSA4XN125QH5,New Mangalore,INNML,IN,12.916667,74.816666,India West Coast,Medium
01KTY75MM1SWCBNFEBSBSAVB82,New Orleans,USMSY,US,29.95,-90.05,US Gulf Coast,Large
01KTY75H2SPREAWQE49009H06C,New Westminster,CANWE,CA,49.2,-122.916664,Canada West Coast,Medium
01KTY75MMH37E2DZ1199KF1S6Z,New York / New Jersey,USNYC,US,40.7,-74.01667,United States E Coast,Large
01KTY75MGW72B91V3TYMEPGZGC,Newark,USEWR,US,40.7,-74.15,United States E Coast,Medium
01KTY75G7NHV64FVJCZ8TQGFCH,Newcastle,AUNTL,AU,-32.916668,151.78334,Australia,Large
01KTY75MMC0SYWMV1MDX40Q0JZ,Newport News,USNNS,US,36.966667,-76.433334,United States E Coast,Medium
01KTY75MTKYE2BX8DBYMJN3KGJ,Ngqura (Coega),ZANGQ,ZA,-33.81,25.69,South Africa,Large
01KTY75JH6H3JM5Y01DC7GC4G1,Nhava Sheva (JNPT),INNSA,IN,18.95,72.95,India West Coast,Medium
01KTY75JW4J37HKNGHFXA6H3JG,Niigata Ko,JPKIJ,JP,37.916668,139.05,Japan,Medium
01KTY75H8HSQXF6DR42WH2YM5G,Ningbo-Zhoushan,CNNGB,CN,29.87,121.84,China Continued,Large
01KTY75MMYP6MRYHS4FXYKP45Y,Norfolk,USORF,US,36.85,-76.3,United States E Coast,Large
01KTY75M2Z6S9HACKE5ENAXKHK,Norrkoping,SENRK,SE,58.583332,16.2,Sweden Cont,Medium
01KTY75KB0JAWGR2D33HTBSP42,Nouadhibou,MRNDB,MR,20.916668,-17.05,Mauritania,Medium
01KTY75KZ46XVW8DK7QM53XTPK,Novorossiysk,RUNVS,RU,44.716667,37.783333,Russia,Large
01KTY75HD5EJQJNQ7QA8YAZ3DB,Nuevitas Bay,CUNVT,CU,21.55,-77.26667,Cuba North Coast,Large
01KTY75MMQWY4WAREJ07TPZQ1V,Oakland,USOAK,US,37.816666,-122.333336,United States W Coast,Large
01KTY75MCG9X5S8T1F8VWSZ3MD,Odesa,UAODS,UA,46.483334,30.733334,Ukraine,Large
01KTY75KGXHY3J6SEWYZ3C70M6,Onne,NGONN,NG,4.7,7.15,Nigeria,Medium
01KTY75JYJFYPHAAFGW1A61GF5,Onomichi-Itozaki,JPONX,JP,34.38333,133.16667,Japan,Large
01KTY75HMBSCAZNTM20AKMRJH2,Oran,DZORN,DZ,35.7,-0.633333,Algeria,Large
01KTY75J83PSQG9B3C9E71Q4R5,Ormos Aliveriou,GRLVR,GR,38.38333,24.05,Greece East Coast,Medium
01KTY75JYRNX616D9R8S3ZQY78,Osaka,JPOSA,JP,34.65,135.43333,Japan,Large
01KTY75KM7ARW29XX51CK7HYHZ,Oslo,NOOSL,NO,59.898056,10.745556,Norway,Large
01KTY75JYYPRXZ6TKGYYCSS1JN,Otaru Ko,JPOTR,JP,43.2,141.01666,Japan,Medium
01KTY75HVV8A0TNMF9NSFVEFS0,Oulu,FIOUL,FI,65.01667,25.4,Finland,Large
01KTY75KQPH3T7D96138S5KPV5,Paita,PEPAI,PE,-5.09,-81.11,Peru,Medium
01KTY75HNFT1SCW62DFH9C5CZN,Paldiski Lounasadam,EEPLS,EE,59.333344,24.081112,Estonia,Large
01KTY75JD4AH9G0GHRZ88YZWKA,Palembang,IDPLM,ID,-2.983333,104.76667,Indonesia,Medium
01KTY75HN9PWGMN3QJT067SBYX,Paljassaare,EEPAS,EE,59.459103,24.70564,Estonia,Medium
01KTY75HS8HNWJFC06J4ZM6MFQ,Palma De Mallorca,ESPMI,ES,39.566666,2.633333,Islas Baleares,Medium
01KTY75GVG81J11F9YQ2NQ7Z83,Paranagua,BRPNG,BR,-25.5,-48.51,Brazil SE Coast,Large
01KTY75KE588S3HZ8PZTGDAR9B,Penang,MYPEN,MY,5.416667,100.35,Malaysia,Medium
01KTY75J4MDKT7ZDM5X88F4ZZQ,Peterhead,GBPHD,GB,57.5,-1.783333,Scotland East Coast,Medium
01KTY75MNNKA0J1CBJ7KGG3YZQ,Philadelphia,USPHL,US,39.95,-75.13333,United States E Coast,Large
01KTY75K40SVW7F3Y78DXYF9FR,Phnom Penh,KHPNH,KH,11.58,104.93,Cambodia,Medium
01KTY75HW6W3BZN2GR8MCXYVB6,Pietarsaari,FIPRS,FI,63.683334,22.666668,Finland,Medium
01KTY75JHEBVQ1T1JPKZ0HP8DM,Pipavav,INPAV,IN,20.92,71.51,India West Coast,Medium
01KTY75J8AZ3DXWZV0VFBMRJRZ,Piraeus,GRPIR,GR,37.933334,23.65,Greece East Coast,Large
01KTY75MCP46ZV5JA5DJ6P4QWN,Pivdennyi (Yuzhny),UAPIV,UA,46.62,31.01,Ukraine,Large
01KTY75KTSDBX8V1B7MQ73TFNJ,Playa De Guayanilla,PRGUY,PR,18.016666,-66.76667,Puerto Rico,Medium
01KTY75KTZXPC9KV1D2TESWT6C,Playa De Ponce,PRPSE,PR,17.983334,-66.61667,Puerto Rico,Medium
01KTY75JAERZBBGBVHGEK7WFTZ,Ploce,HRPLE,HR,43.05,17.43,Croatia,Medium
01KTY75J4V9CZSQYT2DVFMNJ3F,Plymouth,GBPLY,GB,50.36667,-4.15,England South Coast,Medium
01KTY75J79TYNQKY5R3XVNQE0B,Pointe A Pitre,GPPTP,GP,16.233334,-61.533333,Guadeloupe,Medium
01KTY75H36WZW84Q6DTCK8D4KJ,Pond Inlet,CAPDI,CA,72.75,-76.75,Baffin Island,Medium
01KTY75HW1ABQXCCNK87JBGAB4,Pori,FIPOR,FI,61.483334,21.8,Finland,Large
01KTY75JB3PBKYX46W7TF45253,Port Au Prince,HTPAP,HT,18.55,-72.35,Haiti,Medium
01KTY75G88B9MVYDJNM0EYTGM7,Port Dalrymple,AUPTD,AU,-41.13333,146.83333,Tasmania,Medium
01KTY75KDZ6F4G4DJABWXE5SXJ,Port Dickson,MYPDI,MY,2.533333,101.78333,Malaysia,Medium
01KTY75MTSAMC4JVAQTXXH0XQC,Port Elizabeth,ZAPLZ,ZA,-33.951946,25.6425,South Africa,Medium
01KTY75MN90PEZ8YCDYQQX2JA2,Port Everglades,USPEF,US,26.1,-80.11667,United States E Coast,Medium
01KTY75HZWDNXNHK3B42KS8XA0,Port Gentil,GAPOG,GA,-0.7,8.8,Gabon,Medium
01KTY75KH3BA69AYC8CZN8FMJY,Port Harcourt,NGPHC,NG,4.76,7.01,Nigeria,Medium
01KTY75G7WGT59GFG6A5FECASC,Port Kembla,AUPKL,AU,-34.483334,150.91667,Australia,Medium
01KTY75KEBM1233SFEHGK5M3SV,Port Klang,MYPKG,MY,3,101.4,Malaysia,Large
01KTY75G82GEYP50ZD7RDBYVER,Port Lincoln,AUPLO,AU,-34.716667,135.85,Australia,Medium
01KTY75HZGW04HDBAZMKPHA52K,Port Of Rouen,FRURO,FR,49.45,1.066667,France NW Coast,Large
01KTY75M9W1DSWYJ8WVD94P8QE,Port Of Spain,TTPOS,TT,10.65,-61.516666,Trinidad,Medium
01KTY75KS59YTD1YNT2H9PZ8V0,Port Qasim,PKBQM,PK,24.77,67.34,Pakistan,Large
01KTY75G0HCFGKDHXVTMZPFHXS,Port Rashid (Dubai),AEDXB,AE,25.27,55.27,United Arab Emirates,Medium
01KTY75HPKJCW8VCT171YGC9EA,Port Said,EGPSD,EG,31.25,32.3,Egypt Mediterranean,Large
01KTY75M11C9CSH0QVAPFV2T8V,Port Sudan,SDPZU,SD,19.6,37.233334,Sudan,Medium
01KTY75MP12B8TZY25P21P6YD9,Portland (Maine),USPWM,US,43.666668,-70.25,United States E Coast,Medium
01KTY75MN3TMBK0YCP8CYMVD1V,Portland (Oregon),USPDX,US,45.516666,-122.666664,United States W Coast,Large
01KTY75J5C3P61JR9Z3PM8H9TF,Portland Harbour,GBPRH,GB,50.583332,-2.433333,England South Coast,Medium
01KTY75GVQEGC3PY4K6Q0Q49W7,Porto Alegre,BRPOA,BR,-30.033333,-51.233334,Brazil SE Coast,Medium
01KTY75JR40XT490P151Z6YH4A,Porto Cervo,ITPCE,IT,41.137,9.54,Sardegna,Medium
01KTY75G3YNW2CS2JRNKTTR6FW,Porto Romano,ALROM,AL,41.383335,19.416666,Albania,Medium
01KTY75J517AG78SSG93C6A503,Portsmouth Harbour,GBPME,GB,50.8,-1.1,England South Coast,Medium
01KTY75HMX6427XG5N6ZY7TQA0,Posorja,ECPSJ,EC,-2.71,-80.24,Ecuador,Large
01KTY75J6J519QG2Y2WBQCAF52,Poti,GEPTI,GE,42.15,41.66,Georgia,Medium
01KTY75H3CBXBY104FJE7XPJQY,Prince Rupert,CAPRR,CA,54.316666,-130.33333,Canada West Coast,Medium
01KTY75MNV0PNAH3C4Z53F5AW3,Providence,USPVD,US,41.8,-71.4,United States E Coast,Medium
01KTY75MRM152306BBZBMJJPNN,Puerto Cabello,VEPBL,VE,10.483333,-68,Venezuela,Medium
01KTY75KQ6ERRW31JQ02C6FSB8,Puerto Colon,PAONX,PA,9.366667,-79.88333,Panama East Coast,Medium
01KTY75HRYMFY8TG10KS44KSXT,Puerto De Pasajes,ESPAS,ES,43.333332,-1.933333,Spain N Coast,Medium
01KTY75HCNGJ6WH4HNFSJGBJRX,Puerto Guantanamo,CUGUB,CU,19.983334,-75.13333,Cuba South Coast,Large
01KTY75MRTCAZ80RG87NZ6HRYW,Puerto La Cruz,VEPCZ,VE,10.25,-64.63333,Venezuela,Large
01KTY75HJB08XAZPDNCYS1S24K,Puerto Plata,DOPOP,DO,19.8,-70.69,Dominican Republic,Medium
01KTY75J94MHY36NA5ESVMME0H,Puerto Quetzal,GTPRQ,GT,13.92,-90.79,Guatemala Pacific Coast,Medium
01KTY75M4FT62K1PGXRYTKM10B,Pulau Bukom,SGPUB,SG,1.233333,103.76667,Singapore,Medium
01KTY75K55REZ9Y7R479H5HB5S,Pyeongtaek Hang,KRPTK,KR,37,126.8,South Korea,Medium
01KTY75H9J1K11HF31KYCVCAF7,Qingdao,CNTAO,CN,36.033333,120.26667,China Continued,Large
01KTY75H95GP2Q9AVC1WNM4WF5,Qinhuangdao,CNSHP,CN,39.933334,119.61667,China Continued,Medium
01KTY75H3J35YERRTBVAS4HFR9,Quebec,CAQUE,CA,46.816666,-71.21667,Canada St Lawrence R,Medium
01KTY75JSGQ5YFXMMKE5VNZKCW,Rada Di Vado,ITVDL,IT,44.265,8.453,Italy West Coast,Medium
01KTY75HXJRJJ66B06F7ZQ91G8,Rade De Cherbourg,FRCER,FR,49.65,-1.633333,France NW Coast,Large
01KTY75M7AV9E9FBNFNK70RXX4,Rades,TNRDS,TN,36.8,10.28,Tunisia,Medium
01KTY75M0NZ8KE50TJ4WZB690Y,Ras  Tannurah,SARTA,SA,26.633333,50.166668,Saudi Arabia Continued,Medium
01KTY75KWWRAEY8JJESBD1N1QH,Ras Laffan,QARLF,QA,25.916668,51.583332,Qatar,Medium
01KTY75HWGTKRQRTWMNKGQHHS2,Rauma,FIRAU,FI,61.125,21.446112,Finland,Medium
01KTY75GW6MR1WSYGD19AR1JMX,Recife,BRREC,BR,-8.05,-34.86667,Brazil SE Coast,Medium
01KTY75JM636VK82Z6TDR55N6G,Reykjavik,ISREY,IS,64.15,-21.933332,Iceland  West Coast,Medium
01KTY75MV1KBM606PTF25831PX,Richards Bay,ZARCB,ZA,-28.81,32.09833,South Africa,Medium
01KTY75K7Y60Y3V23SHEZCEBSJ,Riga,LVRIX,LV,56.95,24.1,Latvia,Large
01KTY75JANW86Z4MHBFWBJJGZV,Rijeka,HRRJK,HR,45.333332,14.433333,Croatia,Large
01KTY75GY6WNRY2HDQDM81TNEM,Rio de Janeiro,BRRIO,BR,-22.9,-43.166668,Brazil SE Coast,Large
01KTY75GY00DMXMZEHC9B7RHFQ,Rio Grande,BRRIG,BR,-32.05,-52.083332,Brazil SE Coast,Large
01KTY75HJ33BGB8N3ER9Y2T6E9,Rio Haina,DOHAI,DO,18.42,-70,Dominican Republic,Medium
01KTY75MS024XX7NWHFJ081D46,Road Harbor,VGRAD,VG,18.416668,-64.61667,Tortola Island,Medium
01KTY75G5R432RZPP224WCF1ZD,Rosario,ARROS,AR,-32.95,-60.63333,Argentina,Medium
01KTY75HFR01JFMPTG9HP16HQT,Rostock,DERSK,DE,54.1,12.133333,Germany,Large
01KTY75KJ8KAPRGMKT5WX059JK,Rotterdam,NLRTM,NL,51.9,4.483333,Netherlands,Large
01KTY75JZ4AHYDCNX4W8HH3N4B,Sakai-Senboku,JPSBK,JP,34.55,135.43333,Japan,Medium
01KTY75KP9DW1XC28QJE9HTE1P,Salalah,OMSLL,OM,16.95,54.01,Oman,Large
01KTY75MV77555E59NQJ8X16ST,Saldanha Bay,ZASDB,ZA,-33.033333,17.966667,South Africa,Medium
01KTY75JRA2EE919YTRGBMPEBN,Salerno,ITSAL,IT,40.67,14.75,Italy West Coast Cont,Medium
01KTY75GYRZSPX0V3G6S6HZ78X,Salvador,BRSSA,BR,-12.966667,-38.516666,Brazil SE Coast,Medium
01KTY75M9NDAGKJDDAGV7J2W5S,Samsun,TRSSX,TR,41.3,36.35,Turkey Asia,Large
01KTY75H6C9RRDZK7C500FSNVJ,San Antonio,CLSAI,CL,-33.59,-71.62,Chile,Large
01KTY75MPFTH5QQW5A94VHMDN7,San Diego,USSAN,US,32.716667,-117.183334,United States W Coast,Medium
01KTY75KRSC6FJX968TQNCA4N3,San Fernando Harbor,PHSFE,PH,16.616667,120.316666,Philippine Islands,Medium
01KTY75MQ1SB5NYKXW1S6GV16A,San Francisco,USSFO,US,37.816666,-122.416664,United States W Coast,Large
01KTY75H6KZHTSRRPB94KM0RGZ,San Vicente (Talcahuano),CLSVE,CL,-36.73,-73.13,Chile,Medium
01KTY75HSFG8GWN43XBYZATCB4,Santa Cruz De Tenerife,ESSCT,ES,28.466667,-16.233334,Islas Canarias,Medium
01KTY75HB5S62FBW023YXMZWSJ,Santa Marta,COSMR,CO,11.25,-74.22,Colombia North Coast,Medium
01KTY75HSMAZFQ1ER2BWVP1K7D,Santander,ESSDR,ES,43.466667,-3.783333,Spain N Coast,Medium
01KTY75HDB2T1V8SCYQRBZAG0G,Santiago De Cuba,CUSCU,CU,20.016666,-75.833336,Cuba South Coast,Medium
01KTY75HKJ0KN9DZMGJCD4SMYB,Santo Domingo,DOSDQ,DO,18.466667,-69.88333,Dominican Republic,Medium
01KTY75J9B4KNRVEHTT4KFSHAN,Santo Tomas de Castilla,GTSTC,GT,15.7,-88.62,Guatemala Caribbean Coast,Medium
01KTY75GYZVNFWVSBTJ905K2H0,Santos,BRSSZ,BR,-23.95,-46.3,Brazil SE Coast,Large
01KTY75JZ9BVZQ28189XRYZ5FQ,Sasebo,JPSSB,JP,33.166668,129.71666,Japan,Medium
01KTY75M6MNJXG8092N1FMVYR3,Sattahip,THSAT,TH,12.616667,100.916664,Thailand,Medium
01KTY75MPN1S1SH1XHZDZFB749,Savannah,USSAV,US,32.083332,-81.083336,United States E Coast,Medium
01KTY75MPV84MFE2A489GK5BM5,Seattle,USSEA,US,47.6,-122.333336,United States W Coast,Large
01KTY75JDGQWV35J356REJGKKC,Semarang,IDSRG,ID,-6.95,110.42,Jawa,Medium
01KTY75H3RKVJVN42M24Q8X90S,Sept Iles,CASEI,CA,50.2,-66.38333,Canada St Lawrence R,Medium
01KTY75MCV3GM8XS99W604P94E,Sevastopol,UASVP,UA,44.61667,33.533333,Ukraine,Large
01KTY75M7GYE3XC82AVRQQJKSK,Sfax,TNSFA,TN,34.72,10.78,Tunisia,Medium
01KTY75H8RJA9GV3NFKV2N79DQ,Shanghai,CNSHA,CN,31.216667,121.5,China Continued,Large
01KTY75H8ZYVR0CBRHYM2MPCNT,Shekou,CNSHK,CN,22.466667,113.86667,China,Medium
01KTY75H9B4M7J2B7138NHJKFV,Shenzhen,CNSZX,CN,22.55,113.88,China,Large
01KTY75K5YGQ18SW1W25CBZJ54,Shuaiba,KWSAA,KW,29.033333,48.166668,Kuwait,Medium
01KTY75K641YYQPC3T675X31S2,Shuwaikh,KWSWK,KW,29.35,47.93,Kuwait,Medium
01KTY75M6SFATBB9XP0HYG646T,Si Racha,THSRI,TH,13.166667,100.916664,Thailand,Medium
01KTY75K3T1RJQZD1FS0YTN9HN,Sihanoukville,KHKOS,KH,10.633333,103.5,Cambodia,Medium
01KTY75HNNZGDH498RFV2F9HAV,Sillamae,EESLM,EE,59.42612,27.73945,Estonia,Large
01KTY75KW3PT69WWN4SGSXQAYP,Sines,PTSIE,PT,37.95,-8.866667,Portugal,Medium
01KTY75M4M53EDP8PZQ8Q80C8B,Singapore,SGSIN,SG,1.26,103.84,Singapore,Large
01KTY75JRHE7A26KWVTJ5QPGSD,Siracusa,ITSIR,IT,37.05,15.283333,Sicilia,Large
01KTY75GH5AY6C1WD0MXNR1MCM,Sitrah,BHSIT,BH,26.166668,50.666668,Bahrain,Medium
01KTY75HMHGPFVA2KKDZB0B6MZ,Skikda,DZSKI,DZ,36.88,6.95,Algeria,Medium
01KTY75KPFMSCR71P4WQC8851M,Sohar,OMSOH,OM,24.5,56.62,Oman,Large
01KTY75HPSR2SVD87F76DZ66MV,Sokhna,EGSOK,EG,29.66,32.35,Egypt Red Sea,Large
01KTY75J8G3XX2YCC61VJVSTVS,Soudha,GRSDH,GR,35.483334,24.183332,Kriti,Medium
01KTY75J5JAFPXP6H34WCPBZNJ,Southampton,GBSOU,GB,50.9,-1.4,England South Coast,Large
01KTY75JAX79232D0QV3PXSMJ2,Split,HRSPU,HR,43.5,16.433332,Croatia,Large
01KTY75H3YN86R0SWAEHWRDAR0,St John,CASJB,CA,45.266666,-66.05,Nova Scotia Cont,Medium
01KTY75G3H6CFF2TQ3KECR75FF,St Johns,AGSJO,AG,17.116667,-61.85,Antigua and Barbuda,Medium
01KTY75KYRKZM73VHK0EBQ04S1,St Petersburg,RULED,RU,59.933334,30.3,Russia,Large
01KTY75HX5VXXNPDYN8Y09TRKA,Stanley,FKPSY,FK,-51.7,-57.833332,Falkland Islands,Medium
01KTY75KMEQEC56AFD6SY83YKW,Stavanger,NOSVG,NO,58.966667,5.75,Norway,Medium
01KTY75M3DN02FVX5AW7N228CF,Stockholm,SESTO,SE,59.333332,18.05,Sweden Cont,Large
01KTY75HHK8DRN4J4N6CZAMM55,Studstrup,DKSSV,DK,56.25,10.35,Jylland,Medium
01KTY75MB0G35FR66XDD4CB7AK,Su-Ao,TWSUO,TW,24.6,121.86667,Taiwan,Medium
01KTY75H0V64BQDE7XT9JFKBJK,Suape,BRSUA,BR,-8.39,-34.96,Brazil NE Coast,Large
01KTY75KS0R9R30GEK62BQXSED,Subic Bay,PHSFS,PH,14.8,120.26667,Philippine Islands,Medium
01KTY75M36FX23RD02A06XJFCZ,Sundsvall,SESDL,SE,62.38333,17.35,Sweden Cont,Medium
01KTY75MQ8S5SZE80JBCWVQK0H,Superior,USSUW,US,46.733334,-92.066666,US Lake Superior,Medium
01KTY75JDQRAYE8WCA7N6NBK5G,Surabaya,IDSUB,ID,-7.2,112.73333,Jawa,Medium
01KTY75G8E7PEZTNVYMQ84B61M,Sydney,AUSYD,AU,-33.86667,151.2,Australia,Large
01KTY75H44805B4P5JHW82T9YA,Sydney,CASYD,CA,46.15,-60.2,Cape Breton Island,Medium
01KTY75KTMZEG0FEBCPS24FCYF,Szczecin,PLSZZ,PL,53.416668,14.55,Poland,Medium
01KTY75MQEF4APT9ZKHJTF8SFZ,Tacoma,USTIW,US,47.283333,-122.416664,United States W Coast,Medium
01KTY75JZF9EYTXJPW9GFYEC2A,Tagonoura Ko,JPTGO,JP,35.13333,138.7,Japan,Medium
01KTY75MBME9703SZQYT1MHTPV,Taichung,TWTXG,TW,24.3,120.5,Peng Hu Lifh Tao,Large
01KTY75MBE45N477P57VGSJ5JW,Taipei Port,TWTPP,TW,25.16,121.38,Taiwan,Medium
01KTY75J6YPY6H9ASZYGA4D9DN,Takoradi,GHTKD,GH,4.883333,-1.733333,Ghana,Medium
01KTY75HN365JZR5HKJCVWQXP8,Tallinn (Muuga),EEMUG,EE,59.500042,24.966694,Estonia,Large
01KTY75MQSQPM1Z59NSM9YQBRC,Tampa,USTPA,US,27.916668,-82.45,US Gulf Coast,Medium
01KTY75KCNP96YT1QH1K1JGK3D,Tampico,MXTAM,MX,22.216667,-97.86667,Mexico East Coast,Medium
01KTY75MB7344WNPGEZEAVSX7Q,Tan-Shui,TWTPE,TW,25.183332,121.4,Taiwan,Large
01KTY75MC0HVXVZQCFWWPKDFB6,Tanga,TZTGT,TZ,-5.07,39.1,Tanzania,Medium
01KTY75K9F21ZQR3FGJZH2MN9P,Tanger,MATNG,MA,35.783333,-5.816667,Morocco Atlantic Coast,Medium
01KTY75K995YHJHPCZFTQ61ZP6,Tanger Med,MAPTM,MA,35.9,-5.516667,Morocco Mediterranean Coast,Large
01KTY75KEM2KSGCS0PCR3QGYSF,Tanjung Pelepas,MYTPP,MY,1.35,103.55,Malaysia,Medium
01KTY75JRX0G71MJSAXH2DH44H,Taranto,ITTAR,IT,40.466667,17.2,Italy East Coast,Large
01KTY75HSXXB2BFN1DVSWH6YJA,Tarragona,ESTAR,ES,41.1,1.233333,Spain SE Coast,Large
01KTY75KNHFH4PTJ76SWB4XTCM,Tauranga,NZTRG,NZ,-37.64,176.18,New Zealand N Island,Large
01KTY75M7YKHAC4HX87T3KX9ZJ,Tekirdag (Asyaport),TREKI,TR,40.96,27.45,Turkey Asia,Large
01KTY75J6RPPH7Q3S523PN837K,Tema,GHTEM,GH,5.63,,Ghana,Large
01KTY75J8P9DGY4DQN47WE1AYB,Thessaloniki,GRSKG,GR,40.63333,22.933332,Greece East Coast,Medium
01KTY75KADNT4XVTK4CRPGK773,Thilawa,MMTHL,MM,16.67,96.25,Myanmar,Medium
01KTY75H4CF881R93QF8QZ3KHY,Thunder Bay,CATHU,CA,48.4,-89.23333,Canada Lake Superior,Medium
01KTY75H9VBQ922QX2YJNA4H42,Tianjin,CNTSN,CN,38.966667,117.833336,China Continued,Large
01KTY75J5REDHZJD4RXE0S8H90,Tilbury,GBTIL,GB,51.46,0.36,England East Coast,Medium
01KTY75KA19H03ZQAZY2V3M5TS,Toamasina (Tamatave),MGTMM,MG,-18.15,49.42,Madagascar,Medium
01KTY75JZN9DBFRB5JFGS6936J,Tokuyama,JPTKY,JP,34.033333,131.81667,Japan,Medium
01KTY75JZWSJCTJHKX9XVS06GX,Tokyo,JPTYO,JP,35.666668,139.75,Japan,Large
01KTY75MQKYEMPPD6WWQMR8VS5,Toledo,USTOL,US,41.7,-83.46667,US Lake Erie,Medium
01KTY75H4J7H06X30WNQMR6F4V,Toronto,CATOR,CA,43.61667,-79.38333,Canada Lake Ontario,Medium
01KTY75JS2BSSQ40QB0S00R7NF,Trieste,ITTRS,IT,45.651,13.746,Italy East Coast,Large
01KTY75K7ARM8B6X6149X70QE8,Trincomalee Harbor,LKTRR,LK,8.55,81.21667,Sri Lanka,Medium
01KTY75K6QYDGC3T487P3AWHGQ,Tripoli (Lebanon),LBKYE,LB,34.45,35.833332,Lebanon,Medium
01KTY75K8RHXJJFP88Q6109QMH,Tripoli (Libya),LYTIP,LY,32.9,13.183333,Libya,Medium
01KTY75H4RN1GW3Z6ZE9F300AS,Trois Rivieres,CATRR,CA,46.35,-72.55,Canada St Lawrence R,Medium
01KTY75KMM40T30BREWWX38ND1,Tromso,NOTOS,NO,69.65,18.966667,Norway,Medium
01KTY75KMTEN74D5APB7VRZ7D3,Trondheim,NOTRD,NO,63.448334,10.401667,Norway,Medium
01KTY75H1273EZVJXBS5QZ82TH,Tubarao,BRTUB,BR,-20.283333,-40.25,Brazil SE Coast,Large
01KTY75HWQT4APKK3R3N2JGWZ6,Turku,FITKU,FI,60.45,22.233334,Finland,Medium
01KTY75JHMJD920SY1QZS76FZ2,Tuticorin (V.O. Chidambaranar),INTUT,IN,8.75,78.2,India East Coast,Medium
01KTY75KCV58Y84PQJ9GAKS80W,Tuxpan,MXTUX,MX,20.95,-97.4,Mexico East Coast,Medium
01KTY75K05JAEA7M7VW433ZN74,Ube Ko,JPUBJ,JP,33.933334,131.23334,Japan,Medium
01KTY75M3KNRHRENB67V9FZ2QE,Uddevalla,SEUDD,SE,58.33472,11.8775,Sweden,Medium
01KTY75JDWQBY0XB98TGVYBHFT,Ujung Pandang,IDUPG,ID,-5.133333,119.4,Sulawesi,Medium
01KTY75K5HBDKBY5VB1PMPBCG5,Ulsan,KRUSN,KR,35.45,129.4,South Korea,Medium
01KTY75HWYZC2NENDZ3XR2XXQT,Vaasa,FIVAA,FI,63.1,21.583332,Finland,Medium
01KTY75HTJ0GSMXW2G5X127D77,Valencia,ESVLC,ES,39.45,-0.316667,Spain SE Coast,Medium
01KTY75KBJ72S3GBZ3TVY4ASV7,Valletta Harbors,MTMLA,MT,35.9,14.516667,Malta,Medium
01KTY75H6SZ9HTEKN1FSSYMCF1,Valparaiso,CLVAP,CL,-33.033333,-71.61667,Chile,Medium
01KTY75H4YZJ8BXS9JNEMGSDZS,Vancouver,CAVAN,CA,49.283333,-123.11667,Canada West Coast,Large
01KTY75MQYM5R1QPKZ1D5DNQMB,Vancouver,USVAN,US,45.63333,-122.683334,United States W Coast,Medium
01KTY75M3S48FBNGF5F616J61C,Varberg,SEVAG,SE,57.10889,12.2325,Sweden,Medium
01KTY75GC4FZ8MAMVN5HJ9J9KZ,Varna,BGVAR,BG,43.183334,27.966667,Bulgaria,Large
01KTY75JS9ZED164BFYYNJAJR3,Venice,ITVCE,IT,45.416668,12.433333,Italy East Coast,Large
01KTY75K84Z0SGQPS401H3P1MT,Ventspils,LVVNT,LV,57.4,21.533333,Latvia,Medium
01KTY75KD17QKZ73JP5QJJP7DT,Veracruz,MXVER,MX,19.2,-96.13333,Mexico East Coast,Medium
01KTY75H54FV48P83EX3AJFE1Y,Victoria Harbor,CAVIC,CA,48.433334,-123.38333,Canada West Coast,Medium
01KTY75HT67VP15D8K6RQ1T18A,Vigo,ESVGO,ES,42.233334,-8.716667,Spain N Coast,Medium
01KTY75KWG2CGAV5047JPMFYMA,Villeta,PYVLL,PY,-25.51,-57.55,Paraguay,Medium
01KTY75JHWYZZW2P1A2SGCVPW7,Visakhapatnam,INVTZ,IN,17.68,83.28,India East Coast,Large
01KTY75JGZF71Z606EDNY9HP5D,Vishakhapatnam,INNRP,IN,17.683332,83.3,India East Coast,Medium
01KTY75H1ACBQ64A1DEC01T888,Vitoria,BRVIX,BR,-20.316668,-40.333332,Brazil SE Coast,Medium
01KTY75KZBJP38P3P4S3DSE1AF,Vladivostok,RUVVO,RU,43.10889,131.88834,Russia,Large
01KTY75KJE0DPHFAWTP9X0PZDV,Vlissingen,NLVLI,NL,51.45,3.6,Netherlands,Medium
01KTY75J8WXWAWGCSKMH2FV3M2,Volos,GRVOL,GR,39.36667,22.95,Greece East Coast,Medium
01KTY75KZRJZTYN1D1874CMEW8,Vostochny,RUVYP,RU,42.74,133.07,Russia,Large
01KTY75KZJP7SZ09K2AP6YR555,Vyborg,RUVYG,RU,60.716667,28.75,Russia,Medium
01KTY75K1661N2TFP2DCD6CH5T,Wakamatsu Ko,JPWAM,JP,33.9,130.81667,Japan,Large
01KTY75K0KGCZFVYPWTTR3ARXR,Wakayama-Shimotsu Ko,JPWAK,JP,34.2,135.13333,Japan,Large
01KTY75KG16J46P94Q05A6NFBS,Walvis Bay,NAWVB,NA,-22.95,14.5,Namibia,Medium
01KTY75HA237K7QDXXK8734428,Weihai,CNWEG,CN,37.5,122.1,China Continued,Medium
01KTY75KNPET03KCBJN4633WKG,Wellington,NZWLG,NZ,-41.283333,174.78334,New Zealand N Island,Large
01KTY75HA8T8NM6Z7JBFFCZ1QR,Wenzhou,CNWZO,CN,28.016666,120.65,China Continued,Medium
01KTY75HGJ15G9RH0Z815289V0,Wilhelmshaven (JadeWeserPort),DEWVN,DE,53.6,8.13,Germany,Large
01KTY75HDXR548JKCC0VAEZEC6,Willemstad,CWWIL,CW,12.116667,-68.933334,Curacao,Medium
01KTY75MJ3FDD1FGM6MACKXWY2,Wilmington (Delaware),USILG,US,39.733334,-75.55,United States E Coast,Medium
01KTY75MJ9TP39W9KSQ1MX4RPC,Wilmington (North Carolina),USILM,US,34.233334,-77.95,United States E Coast,Medium
01KTY75H59CWG4E84EAKPZNNW4,Windsor,CAWND,CA,42.316666,-83.03333,Canada Lake Erie,Medium
01KTY75HAEXYEEC6HGKRVK7G8H,Xiamen,CNXMN,CN,24.45,118.066666,China,Medium
01KTY75KA786HQWZ7KFYS2X0FR,Yangon,MMRGN,MM,16.77,96.18,Myanmar,Medium
01KTY75K2MWWHR7MGAYN6MYVZS,Yokkaichi,JPYKK,JP,34.966667,136.63333,Japan,Medium
01KTY75K2Z8QT9X4VWXTV1VHE2,Yokohama,JPYOK,JP,35.45,139.58333,Japan,Large
01KTY75K36NZVVPY3HRFK2AZY9,Yokosuka Ko,JPYOS,JP,35.283333,139.66667,Japan,Medium
01KTY75GA3C3GWW75WAVTSA35A,Zeebrugge,BEZEE,BE,51.333332,3.2,Belgium,Medium
01KTY75G39BAYBZCR7HAHVKPSG,Zirkuh,AEZUR,AE,25.016666,53,United Arab Emirates,Medium