category,value,sourceid
color,Beige,01KTW3RXZJAJSJKWPVGX0N3R2Q
color,Black,01KTW3S8VRXH6SZW1NDZ2S1570
color,Blue,01KTW3SJMJ61WHYKGYG28CVDJM
color,Bordeaux,01KTW3SVK9KP66D0VGREYEM6DT
color,Bronze,01KTW3T42YRTFN77H6HGT7GGAN
color,Brown,01KTW3TCNTWH1915CY2HMWJTPS
color,Copper,01KTW3TP902HSBN703TTV5GWXK
color,Cream,01KTW3TZ1VSTWWN480DC5YCC44
color,Gold,01KTW3V7PQA7ZKCFC7FJP9R467
color,Golden,01KTW3VGQ21SJ9PHH31RG5P5YZ
color,Green,01KTW3VSATZZK328EM3PJ74C2J
color,Grey,01KTW3W1E4D3C78D3KB9FTD3BX
color,Ivory,01KTW3WM38VHBSF086SK8ZH7G5
color,Lilac,01KTW3WXZBBGKN0WNFNW185FNJ
color,Multicolor,01KTW3X658XR0RMD1H3KA2QP6H
color,Orange,01KTW3XHH1256Z00EXFAEQPFM6
color,Pink,01KTW3XVAZWD6DJ4WB0C09KKZ9
color,Purple,01KTW3Y3YTR7R2C3RYDKJQNMXG
color,Red,01KTW3YCXJYXM8807WDSHZ2M9G
color,Rose,01KTW3YPTXYXPF4X6VFY1EB82V
color,Semi,01KTW3ZC47XGETKAYMVMEX055F
color,Silver,01KTW3ZR722DF3MT6MAYA6M3V4
color,White,01KTW402GT8JT3F8H6RY67DEXH
color,Yellow,01KTW40BGCEVB5AR44EYKWVBGW
color,Orchid,01KVNHR014TSHKJSHX9JPS235D
finish,Acid Washed,01KTW2BDMWNA0QQR9X8DXPX4XV
finish,Antique,01KTW2C30326RST85RTYYS5BS5
finish,Brushed,01KTW2CPZWY3X4WEFYSW0XJSEC
finish,Brushed and Filled,01KTW2D4S111WMQ7T81W6WJY11
finish,Brushed and Tumbled,01KTW2DGR5X7NDJ421WV7FCYFH
finish,Brushed and Unfilled,01KTW2DWKWB5E6J6AE6BKZWNNG
finish,Bush Hammered,01KTW2E9EN24AD0QGDV50J2W95
finish,Bush Hammered and Brushed,01KTW2EMW4B7ECJB2SA4K9VKTT
finish,Carved,01KTW2F1A8TG7TCQ58VR7RQH54
finish,Chiseled,01KTW2FCVARPZK5YJG5R7Z0420
finish,Filled,01KTW2FR01298RJT85TP7NRWC4
finish,Flamed,01KTW2G4TTENRQZ1AZQH4SQNPZ
finish,Flamed and Brushed,01KTW2GFFZ9BN6QK6VKV415G7S
finish,Flamed and Waterjet,01KTW2GV4STT9BWVFGVJN242TG
finish,Honed,01KTW2J6VENNTEZ2P4MC6SFMK7
finish,Honed and Brushed,01KTW2JJF1GF29MTB34ZCFA36T
finish,Honed and Filled,01KTW2JY2NSTY52YNZF2Z2K1XQ
finish,Honed and Unfilled,01KTW2KAK6XG8S7CYA6QWF4SDN
finish,Leathered,01KTW2KQRVREDX02A09K2XYQ8W
finish,Natural Cleft,01KTW2M2FJCXQ9VAM9GWAPGFYK
finish,Oiled,01KTW2MD1S2CMDF9DH7WTBEMPB
finish,Polished,01KTW2MTB07XMV9G8JBP3D7EX7
finish,Polished and Filled,01KTW2N9ERFMRBDRXGJNEA9E67
finish,Polished and Unfilled,01KTW2NM1QFYNN4MAN23AJ4RMY
finish,Raw,01KTW2NYWADDZ4W3B2H9SZC5AM
finish,Sandblasted,01KTW2P8J6A99JG6SM3BC1ZF3K
finish,Sandblasted and Brushed,01KTW2PKWB1JTDSHCJWTA3N6V2
finish,Sandblasted and Filled,01KTW2Q1GSNPXHNYVF0P3DDE24
finish,Sandblasted and Unfilled,01KTW2Q996EY4GJZ2DEN95TSZM
finish,Sanded,01KTW2QT15QT1PA1AKHAB0CSET
finish,Sawn Cut,01KTW2R5CHBDTW4NSK65F55ZDM
finish,Shotblasted,01KTW2RJJ22P5T2502VJ52GT9V
finish,Split Face,01KTW2RY2YK3N4ZASNE3KWY01Z
finish,Thermal,01KTW2S7RB56EXS2FWS8EFE4MR
finish,Tumbled,01KTW2SH4YJH9DXVCER9WBN14F
finish,Tumbled and Unfilled,01KTW2STAEKA24WT7YEECVBZHT
finish,Unfilled,01KTW2T4RF6BSB1MGXYFQQSFT3
finish,Raw & Unfilled,01KTW2W6DSH7VYVSS5QEND0EH9
finish,Waterjet,01KTW2WJH1FKVBPZCKB8N6YVTN
finish,Waxed,01KTW2WX08QDHX9PESENHWPK2K
finish,Diamond Wire Sawn & Squared,01KTY61QWS265NC75BVWEN38TM
finish,Diamond Wire Sawn & Un-squared,01KTY636MTD40GASJE4HWGQ2HZ
finish,Chain Sawn & Squared,01KTY63WGX175EEZ0Z95SCV17F
finish,Chain Sawn & Un-squared,01KTY658HGEN2CV4HH6ACAP1GC
finish,"Drill, Split & Squared",01KTY660ZZ390NXJ37PS2EGG0G
finish,"Drill, Split & Un-squared",01KTY66KY29CAJ1SVEJ7MPP15M
finish,Flame Jet & Squared,01KTY67ANGS8ZJT9Q5MFMEDGTZ
finish,Flame Jet & Un-squared,01KTY67X3ZBHGJT4TYK35F8KCT
finish,Water Jet Cut & Squared,01KTY68MKJB7X6Z633RBH9MQ3A
finish,Water Jet Cut & Un-squared,01KTY69AF1Q0JSVNB89D4ME5KX
finish,Textured,01KVNHSG247ASWDD1B10TS26WC
type,Agate,01KTW344DC0SXZ26ZEW1QPEPS8
type,Alabaster,01KTW34EEEXQ6Z9K50YW3WG6KT
type,Amethyst,01KTW34SGNDX1GBC9CHSH7XV89
type,Andesite,01KTW354XH45RSDMG0K10MVWQK
type,Basalt,01KTW35FVAN9510ZJEWKFMXCTS
type,Bluestone,01KTW35VPRKEBQC9QZHBP7WX4M
type,Cantera,01KTW381SQYFBKNZ92FME1ZZZ8
type,Conglomerate,01KTW38EHXCD1JXJ8831V3WGP0
type,Coral Stone,01KTW38T05ST6AG3PYMYQ2YQ67
type,Crystal,01KTW394BN9M9TGKNKGRKRHCGA
type,Dolomite,01KTW39G0JGEQFNAWBHPA2H6M6
type,Gneiss,01KTW39YATMTSJGD1RHSSGG7WY
type,Granite,01KTW3A7PAE554YGG7AMC24E1A
type,Limestone,01KTW3ARV8Q0Q9YE2B3M68W3QZ
type,Marble,01KTW3B2DYEGKGXEXD650EKYFF
type,Onyx,01KTW3BCFK99YG5RTVCV4RFCA6
type,Porphyry,01KTW3C0P8RZS404SYY6TMV4JQ
type,Quartz,01KTW3CBWC67YJ9FQWJ10HMAYE
type,Quartzite,01KTW3CQ8K5E2W2TV8R1FGCR8K
type,Quartzitic Sandstone,01KTW3D2A968VJFG2VHBW26JQN
type,Rhyolite,01KTW3DFKB52DNN5SJAPEENBB5
type,Sandstone,01KTW3DVAYZW45BT333N4BYP18
type,Schist,01KTW3E7AQX9QCJ9E5958G8DVD
type,Semi-Precious Stone,01KTW3EGV79Y8QMEF03CWNFA6R
type,Serpentine,01KTW3PRWVDRQ9V77TN8RG58V5
type,Slate,01KTW3Q35ZGQN7B9ZE810167Y9
type,Soapstone,01KTW3QC1G3WEHYXP10C877HJB
type,Sodalite Syenite,01KTW3QNB4QQ6D4M4BCFGG6TSM
type,Travertine,01KTW3QZC1PSGTGVK1R87FW5EV
type,Tuff,01KTW3RA0NRH0RQ50R1Y896M66
type,Dolomite Marble,01KVNHX4M4RF19ER0P2GRVJSBZ
quality,A,01KTWSF9TGPB26F5V8DDA5SWQP
quality,B,01KTY5F99AZX9213Y24WR6FV8C
quality,C,01KTY5FEF988PB7G2YDQYBJD7H
quality,D,01KTY5FK82R7VJMGDDQR2JPK83
category,Blocks,pcat_01KTY5JQ7YYZW7XASMSHBB3HF0
category,Slabs,pcat_01KTY5MCZTZ4C52G4M8F1Y03XW
category,Tiles,pcat_01KVNKZD2YGBN7416P5CK57KMZ