bundle_id,material_name,composition,block,bundle_ref,finish,thickness,quality,classification,color,slab_count,slabs,slab_count_actual,slabs_available,display_status,location,country_code,country,average_size,avg_size_metric,avg_size_imperial,total_sqft,total_sqmt,total_area_summary,slab_ids,slab_numbers,slab_widths_m,slab_heights_m,slab_lengths_in,slab_heights_in,slab_areas_sqmt,slab_areas_sqft,currency,price_main,price_main_old,price_secondary,price_secondary_old,price_total_bundle,price_1,price_old_1,price_2,price_old_2,description,video_url,kitchen_visualizer_url,image_filename_remote,image_url_full,image_url_thumb,photo_urls,photo_count,image_filenames_local,image_variants,scrape_timestamp
1,ALASKA GOLD,EXOTIC / ,163,,Polished,2cm,Standard,Exotic,,45,1 - 2 - 3 - 4 - 5 - 6 - 7 - 8 -  ...,45,212,,,,,3.25m x 1.94m,3.25m x 1.94m = 6.305 Sq.Mt.,,"3,054.015",283.725,"1,327.760 Sq.Mt.",19461 | 19462 | 19463 | 19464 | 19465 | 19466 | 19467 | 19468 | 19469 | 19470 | 19471 | 19472 | 19473 | 19474 | 19475 | 19476 | 19477 | 19478 | 19479 | 19480 | 19481 | 19482 | 19483 | 19484 | 19485 | 19486 | 19487 | 19488 | 19489 | 19490 | 19491 | 19492 | 19493 | 19494 | 19495 | 19496 | 19497 | 19498 | 19499 | 19500 | 19501 | 19502 | 19503 | 19504 | 19505,1 | 2 | 3 | 4 | 5 | 6 | 7 | 8 | 9 | 10 | 11 | 12 | 13 | 14 | 15 | 16 | 17 | 18 | 19 | 20 | 21 | 22 | 23 | 24 | 25 | 26 | 27 | 28 | 29 | 30 | 31 | 32 | 33 | 34 | 35 | 36 | 37 | 38 | 39 | 40 | 41 | 42 | 43 | 44 | 45,3.25 | 3.25 | 3.25 | 3.25 | 3.25 | 3.25 | 3.25 | 3.25 | 3.25 | 3.25 | 3.25 | 3.25 | 3.25 | 3.25 | 3.25 | 3.25 | 3.25 | 3.25 | 3.25 | 3.25 | 3.25 | 3.25 | 3.25 | 3.25 | 3.25 | 3.25 | 3.25 | 3.25 | 3.25 | 3.25 | 3.25 | 3.25 | 3.25 | 3.25 | 3.25 | 3.25 | 3.25 | 3.25 | 3.25 | 3.25 | 3.25 | 3.25 | 3.25 | 3.25 | 3.25,1.94 | 1.94 | 1.94 | 1.94 | 1.94 | 1.94 | 1.94 | 1.94 | 1.94 | 1.94 | 1.94 | 1.94 | 1.94 | 1.94 | 1.94 | 1.94 | 1.94 | 1.94 | 1.94 | 1.94 | 1.94 | 1.94 | 1.94 | 1.94 | 1.94 | 1.94 | 1.94 | 1.94 | 1.94 | 1.94 | 1.94 | 1.94 | 1.94 | 1.94 | 1.94 | 1.94 | 1.94 | 1.94 | 1.94 | 1.94 | 1.94 | 1.94 | 1.94 | 1.94 | 1.94,127.95 | 127.95 | 127.95 | 127.95 | 127.95 | 127.95 | 127.95 | 127.95 | 127.95 | 127.95 | 127.95 | 127.95 | 127.95 | 127.95 | 127.95 | 127.95 | 127.95 | 127.95 | 127.95 | 127.95 | 127.95 | 127.95 | 127.95 | 127.95 | 127.95 | 127.95 | 127.95 | 127.95 | 127.95 | 127.95 | 127.95 | 127.95 | 127.95 | 127.95 | 127.95 | 127.95 | 127.95 | 127.95 | 127.95 | 127.95 | 127.95 | 127.95 | 127.95 | 127.95 | 127.95,76.38 | 76.38 | 76.38 | 76.38 | 76.38 | 76.38 | 76.38 | 76.38 | 76.38 | 76.38 | 76.38 | 76.38 | 76.38 | 76.38 | 76.38 | 76.38 | 76.38 | 76.38 | 76.38 | 76.38 | 76.38 | 76.38 | 76.38 | 76.38 | 76.38 | 76.38 | 76.38 | 76.38 | 76.38 | 76.38 | 76.38 | 76.38 | 76.38 | 76.38 | 76.38 | 76.38 | 76.38 | 76.38 | 76.38 | 76.38 | 76.38 | 76.38 | 76.38 | 76.38 | 76.38,6.305 | 6.305 | 6.305 | 6.305 | 6.305 | 6.305 | 6.305 | 6.305 | 6.305 | 6.305 | 6.305 | 6.305 | 6.305 | 6.305 | 6.305 | 6.305 | 6.305 | 6.305 | 6.305 | 6.305 | 6.305 | 6.305 | 6.305 | 6.305 | 6.305 | 6.305 | 6.305 | 6.305 | 6.305 | 6.305 | 6.305 | 6.305 | 6.305 | 6.305 | 6.305 | 6.305 | 6.305 | 6.305 | 6.305 | 6.305 | 6.305 | 6.305 | 6.305 | 6.305 | 6.305,67.867 | 67.867 | 67.867 | 67.867 | 67.867 | 67.867 | 67.867 | 67.867 | 67.867 | 67.867 | 67.867 | 67.867 | 67.867 | 67.867 | 67.867 | 67.867 | 67.867 | 67.867 | 67.867 | 67.867 | 67.867 | 67.867 | 67.867 | 67.867 | 67.867 | 67.867 | 67.867 | 67.867 | 67.867 | 67.867 | 67.867 | 67.867 | 67.867 | 67.867 | 67.867 | 67.867 | 67.867 | 67.867 | 67.867 | 67.867 | 67.867 | 67.867 | 67.867 | 67.867 | 67.867,, 35.50<span style='font-size:13px;'>/Sq.Mt.</span>,, 3.30<span style='font-size:13px;'>/Sq.Ft.</span>,,,,,,,,,https://varshastones.slabware.com/Kitchen_Visualizer.aspx?MaterialKit=ALASKA GOLD,d8f8b5bb-647d-4502-a6ff-b27fb2efae6a.jpg,https://varshastones.slabware.com/backendGranite/cadastros/Bundles/fotos/1/d8f8b5bb-647d-4502-a6ff-b27fb2efae6a.jpg,https://varshastones.slabware.com/backendGranite/cadastros/Bundles/fotos/1/d8f8b5bb-647d-4502-a6ff-b27fb2efae6a_crop_555x300.jpg,https://varshastones.slabware.com/backendGranite/cadastros/bundles/fotos/1/d8f8b5bb-647d-4502-a6ff-b27fb2efae6a.jpg | https://varshastones.slabware.com/backendGranite/cadastros/bundles/fotos/1/dd42b7c6-ce37-4b5b-aad5-f8579ab42eda.jpg | https://varshastones.slabware.com/backendGranite/cadastros/bundles/fotos/1/a06c756d-b629-4951-8447-d0631ec4fbe1.jpg,3,1_1.jpg | 1_2.jpg | 1_3.jpg,cached | cached | cached,2026-05-08 21:38:12
1547,ALASKA GOLD,EXOTIC / ,1719,,Polished,2cm,Premium,Exotic,,28,23 - 24 - 25 - 26 - 27 - 28 - 29 ...,28,212,,,,,3.23m x 1.94m,3.23m x 1.94m = 6.266 Sq.Mt.,,"1,888.678",175.448,"1,327.760 Sq.Mt.",44646 | 44647 | 44648 | 44649 | 44650 | 44651 | 44652 | 44653 | 44654 | 44655 | 44656 | 44657 | 44658 | 44659 | 44660 | 44661 | 44662 | 44663 | 44664 | 44665 | 44666 | 44667 | 44668 | 44669 | 44670 | 44671 | 44683 | 44695,23 | 24 | 25 | 26 | 27 | 28 | 29 | 30 | 31 | 32 | 33 | 34 | 35 | 36 | 37 | 38 | 39 | 40 | 41 | 42 | 43 | 44 | 45 | 46 | 47 | 48 | 60 | 72,3.23 | 3.23 | 3.23 | 3.23 | 3.23 | 3.23 | 3.23 | 3.23 | 3.23 | 3.23 | 3.23 | 3.23 | 3.23 | 3.23 | 3.23 | 3.23 | 3.23 | 3.23 | 3.23 | 3.23 | 3.23 | 3.23 | 3.23 | 3.23 | 3.23 | 3.23 | 3.23 | 3.23,1.94 | 1.94 | 1.94 | 1.94 | 1.94 | 1.94 | 1.94 | 1.94 | 1.94 | 1.94 | 1.94 | 1.94 | 1.94 | 1.94 | 1.94 | 1.94 | 1.94 | 1.94 | 1.94 | 1.94 | 1.94 | 1.94 | 1.94 | 1.94 | 1.94 | 1.94 | 1.94 | 1.94,127.17 | 127.17 | 127.17 | 127.17 | 127.17 | 127.17 | 127.17 | 127.17 | 127.17 | 127.17 | 127.17 | 127.17 | 127.17 | 127.17 | 127.17 | 127.17 | 127.17 | 127.17 | 127.17 | 127.17 | 127.17 | 127.17 | 127.17 | 127.17 | 127.17 | 127.17 | 127.17 | 127.17,76.38 | 76.38 | 76.38 | 76.38 | 76.38 | 76.38 | 76.38 | 76.38 | 76.38 | 76.38 | 76.38 | 76.38 | 76.38 | 76.38 | 76.38 | 76.38 | 76.38 | 76.38 | 76.38 | 76.38 | 76.38 | 76.38 | 76.38 | 76.38 | 76.38 | 76.38 | 76.38 | 76.38,6.266 | 6.266 | 6.266 | 6.266 | 6.266 | 6.266 | 6.266 | 6.266 | 6.266 | 6.266 | 6.266 | 6.266 | 6.266 | 6.266 | 6.266 | 6.266 | 6.266 | 6.266 | 6.266 | 6.266 | 6.266 | 6.266 | 6.266 | 6.266 | 6.266 | 6.266 | 6.266 | 6.266,67.45 | 67.45 | 67.453 | 67.453 | 67.453 | 67.453 | 67.453 | 67.453 | 67.453 | 67.453 | 67.453 | 67.453 | 67.453 | 67.453 | 67.453 | 67.453 | 67.453 | 67.453 | 67.453 | 67.453 | 67.453 | 67.453 | 67.453 | 67.453 | 67.453 | 67.453 | 67.453 | 67.453,US$,<span class='i340'>Call for Price</span>,,,,,,,,,,,https://varshastones.slabware.com/Kitchen_Visualizer.aspx?MaterialKit=ALASKA GOLD,3e1327bb-3eec-42da-90e4-54ce95f1c954.jpg,https://varshastones.slabware.com/backendGranite/cadastros/Bundles/fotos/1547/3e1327bb-3eec-42da-90e4-54ce95f1c954.jpg,https://varshastones.slabware.com/backendGranite/cadastros/Bundles/fotos/1547/3e1327bb-3eec-42da-90e4-54ce95f1c954_crop_555x300.jpg,https://varshastones.slabware.com/backendGranite/cadastros/bundles/fotos/1547/3e1327bb-3eec-42da-90e4-54ce95f1c954.jpg | https://varshastones.slabware.com/backendGranite/cadastros/bundles/fotos/1547/af38d810-5960-4b9f-9f7c-64a9a5e60b15.jpg | https://varshastones.slabware.com/backendGranite/cadastros/bundles/fotos/1547/3b05d9a6-9ff4-45f7-9c2e-2127657400af.jpg | https://varshastones.slabware.com/backendGranite/cadastros/bundles/fotos/1547/681841a3-4b7f-4860-9ce2-810520b1ba5e.jpg,4,1547_1.jpg | 1547_2.jpg | 1547_3.jpg | 1547_4.jpg,cached | cached | full | full,2026-05-08 21:38:12
486,ALASKA GOLD,EXOTIC / ,371,,Polished,2cm,Premium,Exotic,,59,1 - 2 - 3 - 4 - 5 - 6 - 7 - 8 -  ...,59,212,,,,,3.1m x 2.03m,3.10m x 2.03m = 6.293 Sq.Mt.,,"3,996.574",371.287,"1,327.760 Sq.Mt.",19280 | 19281 | 19282 | 19283 | 19284 | 19285 | 19286 | 19287 | 19288 | 19289 | 19290 | 19291 | 19292 | 19293 | 19294 | 19295 | 19298 | 19299 | 19300 | 19301 | 19302 | 19303 | 19304 | 19305 | 19306 | 19307 | 19308 | 19309 | 19310 | 19311 | 19312 | 19313 | 19314 | 19315 | 19316 | 19317 | 19318 | 19319 | 19320 | 19321 | 19322 | 19323 | 19324 | 19325 | 19326 | 19327 | 19328 | 19329 | 19330 | 19331 | 19332 | 19333 | 19334 | 19335 | 19336 | 19337 | 19338 | 19339 | 19340,1 | 2 | 3 | 4 | 5 | 6 | 7 | 8 | 9 | 10 | 11 | 12 | 13 | 14 | 15 | 16 | 19 | 20 | 21 | 22 | 23 | 24 | 25 | 26 | 27 | 28 | 29 | 30 | 31 | 32 | 33 | 34 | 35 | 36 | 37 | 38 | 39 | 40 | 41 | 42 | 43 | 44 | 45 | 46 | 47 | 48 | 49 | 50 | 51 | 52 | 53 | 54 | 55 | 56 | 57 | 58 | 59 | 60 | 61,3.10 | 3.10 | 3.10 | 3.10 | 3.10 | 3.10 | 3.10 | 3.10 | 3.10 | 3.10 | 3.10 | 3.10 | 3.10 | 3.10 | 3.10 | 3.10 | 3.10 | 3.10 | 3.10 | 3.10 | 3.10 | 3.10 | 3.10 | 3.10 | 3.10 | 3.10 | 3.10 | 3.10 | 3.10 | 3.10 | 3.10 | 3.10 | 3.10 | 3.10 | 3.10 | 3.10 | 3.10 | 3.10 | 3.10 | 3.10 | 3.10 | 3.10 | 3.10 | 3.10 | 3.10 | 3.10 | 3.10 | 3.10 | 3.10 | 3.10 | 3.10 | 3.10 | 3.10 | 3.10 | 3.10 | 3.10 | 3.10 | 3.10 | 3.10,2.03 | 2.03 | 2.03 | 2.03 | 2.03 | 2.03 | 2.03 | 2.03 | 2.03 | 2.03 | 2.03 | 2.03 | 2.03 | 2.03 | 2.03 | 2.03 | 2.03 | 2.03 | 2.03 | 2.03 | 2.03 | 2.03 | 2.03 | 2.03 | 2.03 | 2.03 | 2.03 | 2.03 | 2.03 | 2.03 | 2.03 | 2.03 | 2.03 | 2.03 | 2.03 | 2.03 | 2.03 | 2.03 | 2.03 | 2.03 | 2.03 | 2.03 | 2.03 | 2.03 | 2.03 | 2.03 | 2.03 | 2.03 | 2.03 | 2.03 | 2.03 | 2.03 | 2.03 | 2.03 | 2.03 | 2.03 | 2.03 | 2.03 | 2.03,122.05 | 122.05 | 122.05 | 122.05 | 122.05 | 122.05 | 122.05 | 122.05 | 122.05 | 122.05 | 122.05 | 122.05 | 122.05 | 122.05 | 122.05 | 122.05 | 122.05 | 122.05 | 122.05 | 122.05 | 122.05 | 122.05 | 122.05 | 122.05 | 122.05 | 122.05 | 122.05 | 122.05 | 122.05 | 122.05 | 122.05 | 122.05 | 122.05 | 122.05 | 122.05 | 122.05 | 122.05 | 122.05 | 122.05 | 122.05 | 122.05 | 122.05 | 122.05 | 122.05 | 122.05 | 122.05 | 122.05 | 122.05 | 122.05 | 122.05 | 122.05 | 122.05 | 122.05 | 122.05 | 122.05 | 122.05 | 122.05 | 122.05 | 122.05,79.92 | 79.92 | 79.92 | 79.92 | 79.92 | 79.92 | 79.92 | 79.92 | 79.92 | 79.92 | 79.92 | 79.92 | 79.92 | 79.92 | 79.92 | 79.92 | 79.92 | 79.92 | 79.92 | 79.92 | 79.92 | 79.92 | 79.92 | 79.92 | 79.92 | 79.92 | 79.92 | 79.92 | 79.92 | 79.92 | 79.92 | 79.92 | 79.92 | 79.92 | 79.92 | 79.92 | 79.92 | 79.92 | 79.92 | 79.92 | 79.92 | 79.92 | 79.92 | 79.92 | 79.92 | 79.92 | 79.92 | 79.92 | 79.92 | 79.92 | 79.92 | 79.92 | 79.92 | 79.92 | 79.92 | 79.92 | 79.92 | 79.92 | 79.92,6.293 | 6.293 | 6.293 | 6.293 | 6.293 | 6.293 | 6.293 | 6.293 | 6.293 | 6.293 | 6.293 | 6.293 | 6.293 | 6.293 | 6.293 | 6.293 | 6.293 | 6.293 | 6.293 | 6.293 | 6.293 | 6.293 | 6.293 | 6.293 | 6.293 | 6.293 | 6.293 | 6.293 | 6.293 | 6.293 | 6.293 | 6.293 | 6.293 | 6.293 | 6.293 | 6.293 | 6.293 | 6.293 | 6.293 | 6.293 | 6.293 | 6.293 | 6.293 | 6.293 | 6.293 | 6.293 | 6.293 | 6.293 | 6.293 | 6.293 | 6.293 | 6.293 | 6.293 | 6.293 | 6.293 | 6.293 | 6.293 | 6.293 | 6.293,67.74 | 67.74 | 67.74 | 67.74 | 67.74 | 67.74 | 67.74 | 67.74 | 67.74 | 67.74 | 67.74 | 67.74 | 67.74 | 67.74 | 67.74 | 67.74 | 67.738 | 67.738 | 67.738 | 67.738 | 67.738 | 67.738 | 67.738 | 67.738 | 67.738 | 67.738 | 67.738 | 67.738 | 67.738 | 67.738 | 67.738 | 67.738 | 67.738 | 67.738 | 67.738 | 67.738 | 67.738 | 67.738 | 67.738 | 67.738 | 67.738 | 67.738 | 67.738 | 67.738 | 67.738 | 67.738 | 67.738 | 67.738 | 67.738 | 67.738 | 67.738 | 67.738 | 67.738 | 67.738 | 67.738 | 67.738 | 67.738 | 67.738 | 67.738,US$,US$ 39.00<span style='font-size:13px;'>/Sq.Mt.</span>,,US$ 3.62<span style='font-size:13px;'>/Sq.Ft.</span>,,,,,,,,,https://varshastones.slabware.com/Kitchen_Visualizer.aspx?MaterialKit=ALASKA GOLD,6d6ac2e9-57a4-4d40-b22b-f03f593a5610.jpg,https://varshastones.slabware.com/backendGranite/cadastros/Bundles/fotos/486/6d6ac2e9-57a4-4d40-b22b-f03f593a5610.jpg,https://varshastones.slabware.com/backendGranite/cadastros/Bundles/fotos/486/6d6ac2e9-57a4-4d40-b22b-f03f593a5610_crop_555x300.jpg,https://varshastones.slabware.com/backendGranite/cadastros/bundles/fotos/486/6d6ac2e9-57a4-4d40-b22b-f03f593a5610.jpg | https://varshastones.slabware.com/backendGranite/cadastros/bundles/fotos/486/087e914e-7b7f-44de-bf5c-d1994ad27d98.jpg | https://varshastones.slabware.com/backendGranite/cadastros/bundles/fotos/486/6ba186d8-6d04-4b4f-a50e-45961c2228b8.jpg | https://varshastones.slabware.com/backendGranite/cadastros/bundles/fotos/486/d86359e7-82d4-4632-b5b4-082369b308be.jpg | https://varshastones.slabware.com/backendGranite/cadastros/bundles/fotos/486/00935d19-5f4c-44a2-9b60-43bdc348c30b.jpg | https://varshastones.slabware.com/backendGranite/cadastros/bundles/fotos/486/ccff83e9-a6b8-4ca9-927f-9e18b0c2850e.jpg | https://varshastones.slabware.com/backendGranite/cadastros/bundles/fotos/486/2482e850-ed30-4019-a398-7442ed39cfcb.jpg | https://varshastones.slabware.com/backendGranite/cadastros/bundles/fotos/486/ad56ff38-e62c-49c1-bf27-8cf14d060ecf.jpg | https://varshastones.slabware.com/backendGranite/cadastros/bundles/fotos/486/131eb221-5264-46d0-b25a-be2bd42b8e03.jpg,9,486_1.jpg | 486_2.jpg | 486_3.jpg | 486_4.jpg | 486_5.jpg | 486_6.jpg | 486_7.jpg | 486_8.jpg | 486_9.jpg,full | full | full | full | full | full | full | full | full,2026-05-08 21:38:12
3012,ALASKA GOLD,EXOTIC / ,479,,Polished,2cm,Premium,Exotic,,58,1 - 2 - 3 - 4 - 5 - 6 - 7 - 8 -  ...,58,212,new,,,,3.08m x 1.98m,3.08m x 1.98m = 6.098 Sq.Mt.,,"3,807.120",353.684,"1,327.760 Sq.Mt.",86998 | 86999 | 87000 | 87001 | 87002 | 87003 | 87004 | 87005 | 87006 | 87007 | 87008 | 87009 | 87010 | 87011 | 87012 | 87013 | 87014 | 87015 | 87016 | 87017 | 87018 | 87019 | 87020 | 87021 | 87022 | 87023 | 87024 | 87025 | 87026 | 87027 | 87028 | 87029 | 87030 | 87031 | 87032 | 87033 | 87034 | 87035 | 87036 | 87037 | 87038 | 87039 | 87040 | 87041 | 87042 | 87043 | 87044 | 87045 | 87046 | 87047 | 87048 | 87049 | 87050 | 87051 | 87052 | 87053 | 87054 | 87055,1 | 2 | 3 | 4 | 5 | 6 | 7 | 8 | 9 | 10 | 11 | 12 | 13 | 14 | 15 | 16 | 17 | 18 | 19 | 20 | 21 | 22 | 23 | 24 | 25 | 26 | 27 | 28 | 29 | 30 | 31 | 32 | 33 | 34 | 35 | 36 | 37 | 38 | 39 | 40 | 41 | 42 | 43 | 44 | 45 | 46 | 47 | 48 | 49 | 50 | 51 | 52 | 53 | 54 | 55 | 56 | 57 | 58,3.08 | 3.08 | 3.08 | 3.08 | 3.08 | 3.08 | 3.08 | 3.08 | 3.08 | 3.08 | 3.08 | 3.08 | 3.08 | 3.08 | 3.08 | 3.08 | 3.08 | 3.08 | 3.08 | 3.08 | 3.08 | 3.08 | 3.08 | 3.08 | 3.08 | 3.08 | 3.08 | 3.08 | 3.08 | 3.08 | 3.08 | 3.08 | 3.08 | 3.08 | 3.08 | 3.08 | 3.08 | 3.08 | 3.08 | 3.08 | 3.08 | 3.08 | 3.08 | 3.08 | 3.08 | 3.08 | 3.08 | 3.08 | 3.08 | 3.08 | 3.08 | 3.08 | 3.08 | 3.08 | 3.08 | 3.08 | 3.08 | 3.08,1.98 | 1.98 | 1.98 | 1.98 | 1.98 | 1.98 | 1.98 | 1.98 | 1.98 | 1.98 | 1.98 | 1.98 | 1.98 | 1.98 | 1.98 | 1.98 | 1.98 | 1.98 | 1.98 | 1.98 | 1.98 | 1.98 | 1.98 | 1.98 | 1.98 | 1.98 | 1.98 | 1.98 | 1.98 | 1.98 | 1.98 | 1.98 | 1.98 | 1.98 | 1.98 | 1.98 | 1.98 | 1.98 | 1.98 | 1.98 | 1.98 | 1.98 | 1.98 | 1.98 | 1.98 | 1.98 | 1.98 | 1.98 | 1.98 | 1.98 | 1.98 | 1.98 | 1.98 | 1.98 | 1.98 | 1.98 | 1.98 | 1.98,121.26 | 121.26 | 121.26 | 121.26 | 121.26 | 121.26 | 121.26 | 121.26 | 121.26 | 121.26 | 121.26 | 121.26 | 121.26 | 121.26 | 121.26 | 121.26 | 121.26 | 121.26 | 121.26 | 121.26 | 121.26 | 121.26 | 121.26 | 121.26 | 121.26 | 121.26 | 121.26 | 121.26 | 121.26 | 121.26 | 121.26 | 121.26 | 121.26 | 121.26 | 121.26 | 121.26 | 121.26 | 121.26 | 121.26 | 121.26 | 121.26 | 121.26 | 121.26 | 121.26 | 121.26 | 121.26 | 121.26 | 121.26 | 121.26 | 121.26 | 121.26 | 121.26 | 121.26 | 121.26 | 121.26 | 121.26 | 121.26 | 121.26,77.95 | 77.95 | 77.95 | 77.95 | 77.95 | 77.95 | 77.95 | 77.95 | 77.95 | 77.95 | 77.95 | 77.95 | 77.95 | 77.95 | 77.95 | 77.95 | 77.95 | 77.95 | 77.95 | 77.95 | 77.95 | 77.95 | 77.95 | 77.95 | 77.95 | 77.95 | 77.95 | 77.95 | 77.95 | 77.95 | 77.95 | 77.95 | 77.95 | 77.95 | 77.95 | 77.95 | 77.95 | 77.95 | 77.95 | 77.95 | 77.95 | 77.95 | 77.95 | 77.95 | 77.95 | 77.95 | 77.95 | 77.95 | 77.95 | 77.95 | 77.95 | 77.95 | 77.95 | 77.95 | 77.95 | 77.95 | 77.95 | 77.95,6.098 | 6.098 | 6.098 | 6.098 | 6.098 | 6.098 | 6.098 | 6.098 | 6.098 | 6.098 | 6.098 | 6.098 | 6.098 | 6.098 | 6.098 | 6.098 | 6.098 | 6.098 | 6.098 | 6.098 | 6.098 | 6.098 | 6.098 | 6.098 | 6.098 | 6.098 | 6.098 | 6.098 | 6.098 | 6.098 | 6.098 | 6.098 | 6.098 | 6.098 | 6.098 | 6.098 | 6.098 | 6.098 | 6.098 | 6.098 | 6.098 | 6.098 | 6.098 | 6.098 | 6.098 | 6.098 | 6.098 | 6.098 | 6.098 | 6.098 | 6.098 | 6.098 | 6.098 | 6.098 | 6.098 | 6.098 | 6.098 | 6.098,65.640 | 65.640 | 65.640 | 65.640 | 65.640 | 65.640 | 65.640 | 65.640 | 65.640 | 65.640 | 65.640 | 65.640 | 65.640 | 65.640 | 65.640 | 65.640 | 65.640 | 65.640 | 65.640 | 65.640 | 65.640 | 65.640 | 65.640 | 65.640 | 65.640 | 65.640 | 65.640 | 65.640 | 65.640 | 65.640 | 65.640 | 65.640 | 65.640 | 65.640 | 65.640 | 65.640 | 65.640 | 65.640 | 65.640 | 65.640 | 65.640 | 65.640 | 65.640 | 65.640 | 65.640 | 65.640 | 65.640 | 65.640 | 65.640 | 65.64 | 65.64 | 65.64 | 65.64 | 65.64 | 65.64 | 65.64 | 65.64 | 65.64,US$,<span class='i340'>Call for Price</span>,,,,,,,,,,,https://varshastones.slabware.com/Kitchen_Visualizer.aspx?MaterialKit=ALASKA GOLD,2d9e0751-fd91-4fb7-b3e6-6b5371f990a8.jpg,https://varshastones.slabware.com/backendGranite/cadastros/Bundles/fotos/3012/2d9e0751-fd91-4fb7-b3e6-6b5371f990a8.jpg,https://varshastones.slabware.com/backendGranite/cadastros/Bundles/fotos/3012/2d9e0751-fd91-4fb7-b3e6-6b5371f990a8_crop_555x300.jpg,https://varshastones.slabware.com/backendGranite/cadastros/bundles/fotos/3012/2d9e0751-fd91-4fb7-b3e6-6b5371f990a8.jpg | https://varshastones.slabware.com/backendGranite/cadastros/bundles/fotos/3012/f4df0f9d-57a2-4970-84d2-b482a047a81c.jpg | https://varshastones.slabware.com/backendGranite/cadastros/bundles/fotos/3012/4790ddd3-db30-4660-8810-880f0c1e783e.jpg | https://varshastones.slabware.com/backendGranite/cadastros/bundles/fotos/3012/37986b14-ffc7-4d7e-a567-c3931128d522.jpg | https://varshastones.slabware.com/backendGranite/cadastros/bundles/fotos/3012/5506fdf1-4d0b-4fea-8e09-02f63ab0205b.jpg | https://varshastones.slabware.com/backendGranite/cadastros/bundles/fotos/3012/66e89c41-d6e9-4ca1-b29e-0a6d5907fac4.jpg | https://varshastones.slabware.com/backendGranite/cadastros/bundles/fotos/3012/83b3feda-fe61-45e7-8a9e-9c0b09373393.jpg | https://varshastones.slabware.com/backendGranite/cadastros/bundles/fotos/3012/f8d70844-a016-49cb-bdf1-97e456751e9f.jpg,8,3012_1.jpg | 3012_2.jpg | 3012_3.jpg | 3012_4.jpg | 3012_5.jpg | 3012_6.jpg | 3012_7.jpg | 3012_8.jpg,full | full | full | full | full | full | full | full,2026-05-08 21:38:12
2,ALASKA GOLD,EXOTIC / ,480,,Polished,2cm,Premium,Exotic,,22,29 - 30 - 41 - 42 - 43 - 44 - 45 ...,22,212,,,,,3.2m x 2.04m,3.20m x 2.04m = 6.528 Sq.Mt.,,"1,545.800",143.616,"1,327.760 Sq.Mt.",19438 | 28412 | 19439 | 19440 | 19441 | 19442 | 19443 | 19444 | 19445 | 19446 | 19450 | 19451 | 19452 | 19453 | 19454 | 19455 | 19456 | 19457 | 19458 | 19459 | 19460 | 85999,29 | 30 | 41 | 42 | 43 | 44 | 45 | 46 | 47 | 48 | 52 | 53 | 54 | 55 | 56 | 57 | 58 | 59 | 60 | 61 | 62 | 63,3.20 | 3.20 | 3.20 | 3.20 | 3.20 | 3.20 | 3.20 | 3.20 | 3.20 | 3.20 | 3.20 | 3.20 | 3.20 | 3.20 | 3.20 | 3.20 | 3.20 | 3.20 | 3.20 | 3.20 | 3.20 | 3.20,2.04 | 2.04 | 2.04 | 2.04 | 2.04 | 2.04 | 2.04 | 2.04 | 2.04 | 2.04 | 2.04 | 2.04 | 2.04 | 2.04 | 2.04 | 2.04 | 2.04 | 2.04 | 2.04 | 2.04 | 2.04 | 2.04,125.98 | 125.98 | 125.98 | 125.98 | 125.98 | 125.98 | 125.98 | 125.98 | 125.98 | 125.98 | 125.98 | 125.98 | 125.98 | 125.98 | 125.98 | 125.98 | 125.98 | 125.98 | 125.98 | 125.98 | 125.98 | 125.98,80.31 | 80.31 | 80.31 | 80.31 | 80.31 | 80.31 | 80.31 | 80.31 | 80.31 | 80.31 | 80.31 | 80.31 | 80.31 | 80.31 | 80.31 | 80.31 | 80.31 | 80.31 | 80.31 | 80.31 | 80.31 | 80.31,6.528 | 6.528 | 6.528 | 6.528 | 6.528 | 6.528 | 6.528 | 6.528 | 6.528 | 6.528 | 6.528 | 6.528 | 6.528 | 6.528 | 6.528 | 6.528 | 6.528 | 6.528 | 6.528 | 6.528 | 6.528 | 6.528,70.260 | 70.260 | 70.260 | 70.260 | 70.260 | 70.260 | 70.260 | 70.260 | 70.260 | 70.260 | 70.260 | 70.260 | 70.27 | 70.27 | 70.27 | 70.27 | 70.27 | 70.27 | 70.27 | 70.27 | 70.260 | 70.260,, 39.00<span style='font-size:13px;'>/Sq.Mt.</span>,, 3.62<span style='font-size:13px;'>/Sq.Ft.</span>,,,,,,,,,https://varshastones.slabware.com/Kitchen_Visualizer.aspx?MaterialKit=ALASKA GOLD,6b919663-3810-4622-89a9-4a73897fa936.jpg,https://varshastones.slabware.com/backendGranite/cadastros/Bundles/fotos/2/6b919663-3810-4622-89a9-4a73897fa936.jpg,https://varshastones.slabware.com/backendGranite/cadastros/Bundles/fotos/2/6b919663-3810-4622-89a9-4a73897fa936_crop_555x300.jpg,https://varshastones.slabware.com/backendGranite/cadastros/bundles/fotos/2/6b919663-3810-4622-89a9-4a73897fa936.jpg | https://varshastones.slabware.com/backendGranite/cadastros/bundles/fotos/2/9b02e36f-00a8-408b-9cad-48fba7073950.jpg,2,2_1.jpg | 2_2.jpg,full | full,2026-05-08 21:38:12
2391,ALPINUS,EXOTIC / ,1853,,Polished,2cm,Premium,Exotic,,18,1 - 26 - 27 - 28 - 29 - 30 - 31  ...,18,499,new,,,,3.16m x 2.04m,3.16m x 2.04m = 6.446 Sq.Mt.,,"1,248.840",116.028,"3,152.236 Sq.Mt.",68836 | 68861 | 68862 | 68863 | 68864 | 68865 | 68866 | 68867 | 68868 | 68869 | 68870 | 68871 | 68872 | 68873 | 68874 | 68875 | 68876 | 68877,1 | 26 | 27 | 28 | 29 | 30 | 31 | 32 | 33 | 34 | 35 | 36 | 37 | 38 | 39 | 40 | 41 | 42,3.16 | 3.16 | 3.16 | 3.16 | 3.16 | 3.16 | 3.16 | 3.16 | 3.16 | 3.16 | 3.16 | 3.16 | 3.16 | 3.16 | 3.16 | 3.16 | 3.16 | 3.16,2.04 | 2.04 | 2.04 | 2.04 | 2.04 | 2.04 | 2.04 | 2.04 | 2.04 | 2.04 | 2.04 | 2.04 | 2.04 | 2.04 | 2.04 | 2.04 | 2.04 | 2.04,124.41 | 124.41 | 124.41 | 124.41 | 124.41 | 124.41 | 124.41 | 124.41 | 124.41 | 124.41 | 124.41 | 124.41 | 124.41 | 124.41 | 124.41 | 124.41 | 124.41 | 124.41,80.31 | 80.31 | 80.31 | 80.31 | 80.31 | 80.31 | 80.31 | 80.31 | 80.31 | 80.31 | 80.31 | 80.31 | 80.31 | 80.31 | 80.31 | 80.31 | 80.31 | 80.31,6.446 | 6.446 | 6.446 | 6.446 | 6.446 | 6.446 | 6.446 | 6.446 | 6.446 | 6.446 | 6.446 | 6.446 | 6.446 | 6.446 | 6.446 | 6.446 | 6.446 | 6.446,69.38 | 69.38 | 69.38 | 69.38 | 69.38 | 69.38 | 69.38 | 69.38 | 69.38 | 69.38 | 69.38 | 69.38 | 69.38 | 69.38 | 69.38 | 69.38 | 69.38 | 69.38,US$,<span class='i340'>Call for Price</span>,,,,,,,,,,,https://varshastones.slabware.com/Kitchen_Visualizer.aspx?MaterialKit=ALPINUS,15592ebf-b2d5-49f8-a79c-7da834f28a46.jpg,https://varshastones.slabware.com/backendGranite/cadastros/Bundles/fotos/2391/15592ebf-b2d5-49f8-a79c-7da834f28a46.jpg,https://varshastones.slabware.com/backendGranite/cadastros/Bundles/fotos/2391/15592ebf-b2d5-49f8-a79c-7da834f28a46_crop_555x300.jpg,https://varshastones.slabware.com/backendGranite/cadastros/bundles/fotos/2391/15592ebf-b2d5-49f8-a79c-7da834f28a46.jpg | https://varshastones.slabware.com/backendGranite/cadastros/bundles/fotos/2391/5012e9e8-1e26-4e2b-95a8-6d49ac903c08.jpg | https://varshastones.slabware.com/backendGranite/cadastros/bundles/fotos/2391/40a84529-90cc-4ab8-94fc-a0475b8cbe66.jpg | https://varshastones.slabware.com/backendGranite/cadastros/bundles/fotos/2391/259e18f9-2cc7-4f87-9557-8f4abac3e981.jpg | https://varshastones.slabware.com/backendGranite/cadastros/bundles/fotos/2391/ba9cb3be-0f73-4fcb-ad12-f5bba8031441.jpg,5,2391_1.jpg | 2391_2.jpg | 2391_3.jpg | 2391_4.jpg | 2391_5.jpg,full | full | full | full | full,2026-05-08 21:38:12
2193,ALPINUS,EXOTIC / ,1855,,Polished,2cm,Premium,Exotic,,46,1 - 2 - 3 - 4 - 5 - 6 - 7 - 8 -  ...,46,499,new,,,,3.2m x 1.91m,3.20m x 1.91m = 6.112 Sq.Mt.,,"3,026.340",281.152,"3,152.236 Sq.Mt.",63554 | 63555 | 63556 | 63557 | 63558 | 63559 | 63560 | 63561 | 63562 | 63563 | 63564 | 63565 | 63566 | 63567 | 63568 | 63569 | 63570 | 63571 | 63572 | 63573 | 63574 | 63575 | 63576 | 63577 | 63578 | 63579 | 63580 | 63581 | 63582 | 63583 | 63584 | 63585 | 63586 | 63587 | 63588 | 63589 | 63590 | 63591 | 63592 | 63593 | 63594 | 63595 | 63596 | 63597 | 63598 | 63599,1 | 2 | 3 | 4 | 5 | 6 | 7 | 8 | 9 | 10 | 11 | 12 | 13 | 14 | 15 | 16 | 17 | 18 | 19 | 20 | 21 | 22 | 23 | 24 | 25 | 26 | 27 | 28 | 29 | 30 | 31 | 32 | 33 | 34 | 35 | 36 | 37 | 38 | 39 | 40 | 41 | 42 | 43 | 44 | 45 | 46,3.20 | 3.20 | 3.20 | 3.20 | 3.20 | 3.20 | 3.20 | 3.20 | 3.20 | 3.20 | 3.20 | 3.20 | 3.20 | 3.20 | 3.20 | 3.20 | 3.20 | 3.20 | 3.20 | 3.20 | 3.20 | 3.20 | 3.20 | 3.20 | 3.20 | 3.20 | 3.20 | 3.20 | 3.20 | 3.20 | 3.20 | 3.20 | 3.20 | 3.20 | 3.20 | 3.20 | 3.20 | 3.20 | 3.20 | 3.20 | 3.20 | 3.20 | 3.20 | 3.20 | 3.20 | 3.20,1.91 | 1.91 | 1.91 | 1.91 | 1.91 | 1.91 | 1.91 | 1.91 | 1.91 | 1.91 | 1.91 | 1.91 | 1.91 | 1.91 | 1.91 | 1.91 | 1.91 | 1.91 | 1.91 | 1.91 | 1.91 | 1.91 | 1.91 | 1.91 | 1.91 | 1.91 | 1.91 | 1.91 | 1.91 | 1.91 | 1.91 | 1.91 | 1.91 | 1.91 | 1.91 | 1.91 | 1.91 | 1.91 | 1.91 | 1.91 | 1.91 | 1.91 | 1.91 | 1.91 | 1.91 | 1.91,125.98 | 125.98 | 125.98 | 125.98 | 125.98 | 125.98 | 125.98 | 125.98 | 125.98 | 125.98 | 125.98 | 125.98 | 125.98 | 125.98 | 125.98 | 125.98 | 125.98 | 125.98 | 125.98 | 125.98 | 125.98 | 125.98 | 125.98 | 125.98 | 125.98 | 125.98 | 125.98 | 125.98 | 125.98 | 125.98 | 125.98 | 125.98 | 125.98 | 125.98 | 125.98 | 125.98 | 125.98 | 125.98 | 125.98 | 125.98 | 125.98 | 125.98 | 125.98 | 125.98 | 125.98 | 125.98,75.20 | 75.20 | 75.20 | 75.20 | 75.20 | 75.20 | 75.20 | 75.20 | 75.20 | 75.20 | 75.20 | 75.20 | 75.20 | 75.20 | 75.20 | 75.20 | 75.20 | 75.20 | 75.20 | 75.20 | 75.20 | 75.20 | 75.20 | 75.20 | 75.20 | 75.20 | 75.20 | 75.20 | 75.20 | 75.20 | 75.20 | 75.20 | 75.20 | 75.20 | 75.20 | 75.20 | 75.20 | 75.20 | 75.20 | 75.20 | 75.20 | 75.20 | 75.20 | 75.20 | 75.20 | 75.20,6.112 | 6.112 | 6.112 | 6.112 | 6.112 | 6.112 | 6.112 | 6.112 | 6.112 | 6.112 | 6.112 | 6.112 | 6.112 | 6.112 | 6.112 | 6.112 | 6.112 | 6.112 | 6.112 | 6.112 | 6.112 | 6.112 | 6.112 | 6.112 | 6.112 | 6.112 | 6.112 | 6.112 | 6.112 | 6.112 | 6.112 | 6.112 | 6.112 | 6.112 | 6.112 | 6.112 | 6.112 | 6.112 | 6.112 | 6.112 | 6.112 | 6.112 | 6.112 | 6.112 | 6.112 | 6.112,65.790 | 65.790 | 65.790 | 65.790 | 65.790 | 65.790 | 65.790 | 65.790 | 65.790 | 65.790 | 65.790 | 65.790 | 65.790 | 65.790 | 65.790 | 65.790 | 65.790 | 65.790 | 65.790 | 65.790 | 65.790 | 65.790 | 65.790 | 65.790 | 65.790 | 65.790 | 65.790 | 65.790 | 65.790 | 65.790 | 65.790 | 65.790 | 65.790 | 65.790 | 65.790 | 65.790 | 65.790 | 65.790 | 65.790 | 65.790 | 65.790 | 65.790 | 65.790 | 65.790 | 65.790 | 65.790,US$,<span class='i340'>Call for Price</span>,,,,,,,,,,https://youtu.be/HS59I4h26cE,https://varshastones.slabware.com/Kitchen_Visualizer.aspx?MaterialKit=ALPINUS,4141546c-1a60-4aaf-ad64-db8a25756ca1.jpg,https://varshastones.slabware.com/backendGranite/cadastros/Bundles/fotos/2193/4141546c-1a60-4aaf-ad64-db8a25756ca1.jpg,https://varshastones.slabware.com/backendGranite/cadastros/Bundles/fotos/2193/4141546c-1a60-4aaf-ad64-db8a25756ca1_crop_555x300.jpg,https://varshastones.slabware.com/backendGranite/cadastros/bundles/fotos/2193/4141546c-1a60-4aaf-ad64-db8a25756ca1.jpg | https://varshastones.slabware.com/backendGranite/cadastros/bundles/fotos/2193/52aaa7c4-ccbe-4e56-9dc9-5e9d88fc51bc.jpg | https://varshastones.slabware.com/backendGranite/cadastros/bundles/fotos/2193/4cc11b89-607c-40b6-9f6a-a5e0b3708e35.jpg | https://varshastones.slabware.com/backendGranite/cadastros/bundles/fotos/2193/683af6f6-61a5-4459-aae6-4136b42085f9.jpg | https://varshastones.slabware.com/backendGranite/cadastros/bundles/fotos/2193/6bf8e003-bedf-4961-b030-1bf9007916f5.jpg | https://varshastones.slabware.com/backendGranite/cadastros/bundles/fotos/2193/a803df7d-ca1c-4be0-812d-38d5d1b35f5a.jpg | https://varshastones.slabware.com/backendGranite/cadastros/bundles/fotos/2193/fa84c269-1911-4cc6-958f-9dd1d72198cb.jpg | https://varshastones.slabware.com/backendGranite/cadastros/bundles/fotos/2193/6a44835a-9059-492b-b23f-bb3cd0081e10.jpg,8,2193_1.jpg | 2193_2.jpg | 2193_3.jpg | 2193_4.jpg | 2193_5.jpg | 2193_6.jpg | 2193_7.jpg | 2193_8.jpg,full | full | full | full | full | full | full | full,2026-05-08 21:38:12
1696,ALPINUS,EXOTIC / ,1863,,Polished,2cm,Premium,Exotic,,39,11 - 12 - 13 - 14 - 15 - 16 - 17 ...,39,499,new,,,,3.11m x 1.99m,3.11m x 1.99m = 6.189 Sq.Mt.,,"2,598.141",241.371,"3,152.236 Sq.Mt.",49992 | 49993 | 49994 | 49995 | 49996 | 49997 | 49998 | 49999 | 50000 | 50001 | 50002 | 50003 | 50004 | 50005 | 50006 | 50007 | 50008 | 50009 | 50010 | 50011 | 50012 | 50013 | 50014 | 50015 | 50016 | 50017 | 50018 | 50019 | 50020 | 50021 | 50022 | 50023 | 50024 | 50025 | 50026 | 50027 | 50028 | 50029 | 50030,11 | 12 | 13 | 14 | 15 | 16 | 17 | 18 | 19 | 20 | 21 | 22 | 23 | 24 | 25 | 26 | 27 | 28 | 29 | 30 | 31 | 32 | 33 | 34 | 35 | 36 | 37 | 38 | 39 | 40 | 41 | 42 | 43 | 44 | 45 | 46 | 47 | 48 | 49,3.11 | 3.11 | 3.11 | 3.11 | 3.11 | 3.11 | 3.11 | 3.11 | 3.11 | 3.11 | 3.11 | 3.11 | 3.11 | 3.11 | 3.11 | 3.11 | 3.11 | 3.11 | 3.11 | 3.11 | 3.11 | 3.11 | 3.11 | 3.11 | 3.11 | 3.11 | 3.11 | 3.11 | 3.11 | 3.11 | 3.11 | 3.11 | 3.11 | 3.11 | 3.11 | 3.11 | 3.11 | 3.11 | 3.11,1.99 | 1.99 | 1.99 | 1.99 | 1.99 | 1.99 | 1.99 | 1.99 | 1.99 | 1.99 | 1.99 | 1.99 | 1.99 | 1.99 | 1.99 | 1.99 | 1.99 | 1.99 | 1.99 | 1.99 | 1.99 | 1.99 | 1.99 | 1.99 | 1.99 | 1.99 | 1.99 | 1.99 | 1.99 | 1.99 | 1.99 | 1.99 | 1.99 | 1.99 | 1.99 | 1.99 | 1.99 | 1.99 | 1.99,122.44 | 122.44 | 122.44 | 122.44 | 122.44 | 122.44 | 122.44 | 122.44 | 122.44 | 122.44 | 122.44 | 122.44 | 122.44 | 122.44 | 122.44 | 122.44 | 122.44 | 122.44 | 122.44 | 122.44 | 122.44 | 122.44 | 122.44 | 122.44 | 122.44 | 122.44 | 122.44 | 122.44 | 122.44 | 122.44 | 122.44 | 122.44 | 122.44 | 122.44 | 122.44 | 122.44 | 122.44 | 122.44 | 122.44,78.35 | 78.35 | 78.35 | 78.35 | 78.35 | 78.35 | 78.35 | 78.35 | 78.35 | 78.35 | 78.35 | 78.35 | 78.35 | 78.35 | 78.35 | 78.35 | 78.35 | 78.35 | 78.35 | 78.35 | 78.35 | 78.35 | 78.35 | 78.35 | 78.35 | 78.35 | 78.35 | 78.35 | 78.35 | 78.35 | 78.35 | 78.35 | 78.35 | 78.35 | 78.35 | 78.35 | 78.35 | 78.35 | 78.35,6.189 | 6.189 | 6.189 | 6.189 | 6.189 | 6.189 | 6.189 | 6.189 | 6.189 | 6.189 | 6.189 | 6.189 | 6.189 | 6.189 | 6.189 | 6.189 | 6.189 | 6.189 | 6.189 | 6.189 | 6.189 | 6.189 | 6.189 | 6.189 | 6.189 | 6.189 | 6.189 | 6.189 | 6.189 | 6.189 | 6.189 | 6.189 | 6.189 | 6.189 | 6.189 | 6.189 | 6.189 | 6.189 | 6.189,66.619 | 66.619 | 66.619 | 66.619 | 66.619 | 66.619 | 66.619 | 66.619 | 66.619 | 66.619 | 66.619 | 66.619 | 66.619 | 66.619 | 66.619 | 66.619 | 66.619 | 66.619 | 66.619 | 66.619 | 66.619 | 66.619 | 66.619 | 66.619 | 66.619 | 66.619 | 66.619 | 66.619 | 66.619 | 66.619 | 66.619 | 66.619 | 66.619 | 66.619 | 66.619 | 66.619 | 66.619 | 66.619 | 66.619,US$,US$ 70.00<span style='font-size:13px;'>/Sq.Mt.</span>,,US$ 6.50<span style='font-size:13px;'>/Sq.Ft.</span>,,,,,,,,https://youtu.be/RN6lki7D6WE,https://varshastones.slabware.com/Kitchen_Visualizer.aspx?MaterialKit=ALPINUS,3d8b522a-46fc-49db-9137-4222279618f9.jpg,https://varshastones.slabware.com/backendGranite/cadastros/Bundles/fotos/1696/3d8b522a-46fc-49db-9137-4222279618f9.jpg,https://varshastones.slabware.com/backendGranite/cadastros/Bundles/fotos/1696/3d8b522a-46fc-49db-9137-4222279618f9_crop_555x300.jpg,https://varshastones.slabware.com/backendGranite/cadastros/bundles/fotos/1696/3d8b522a-46fc-49db-9137-4222279618f9.jpg | https://varshastones.slabware.com/backendGranite/cadastros/bundles/fotos/1696/605bcbce-5cf4-40fb-be06-0dad2b4f55a9.jpg | https://varshastones.slabware.com/backendGranite/cadastros/bundles/fotos/1696/bf9ed267-4f90-464e-841e-b8543240e28d.jpg | https://varshastones.slabware.com/backendGranite/cadastros/bundles/fotos/1696/edf19078-4727-4721-b160-030368aa6ffd.jpg,4,1696_1.jpg | 1696_2.jpg | 1696_3.jpg | 1696_4.jpg,full | full | full | full,2026-05-08 21:38:12
2592,ALPINUS,EXOTIC / ,1864,,Polished,2cm,Standard,Exotic,,29,1 - 2 - 3 - 4 - 5 - 6 - 7 - 8 -  ...,29,499,new,,,,3.34m x 2.02m,3.34m x 2.02m = 6.747 Sq.Mt.,,"2,106.154",195.663,"3,152.236 Sq.Mt.",74678 | 74679 | 74680 | 74681 | 74682 | 74683 | 74684 | 74685 | 74686 | 74687 | 74688 | 74689 | 74690 | 74691 | 74692 | 74693 | 74694 | 74695 | 74696 | 74697 | 74698 | 74699 | 74700 | 74701 | 74702 | 74703 | 74704 | 74705 | 74706,1 | 2 | 3 | 4 | 5 | 6 | 7 | 8 | 9 | 10 | 11 | 12 | 13 | 14 | 15 | 16 | 17 | 18 | 19 | 20 | 21 | 22 | 23 | 24 | 25 | 26 | 27 | 28 | 29,3.34 | 3.34 | 3.34 | 3.34 | 3.34 | 3.34 | 3.34 | 3.34 | 3.34 | 3.34 | 3.34 | 3.34 | 3.34 | 3.34 | 3.34 | 3.34 | 3.34 | 3.34 | 3.34 | 3.34 | 3.34 | 3.34 | 3.34 | 3.34 | 3.34 | 3.34 | 3.34 | 3.34 | 3.34,2.02 | 2.02 | 2.02 | 2.02 | 2.02 | 2.02 | 2.02 | 2.02 | 2.02 | 2.02 | 2.02 | 2.02 | 2.02 | 2.02 | 2.02 | 2.02 | 2.02 | 2.02 | 2.02 | 2.02 | 2.02 | 2.02 | 2.02 | 2.02 | 2.02 | 2.02 | 2.02 | 2.02 | 2.02,131.50 | 131.50 | 131.50 | 131.50 | 131.50 | 131.50 | 131.50 | 131.50 | 131.50 | 131.50 | 131.50 | 131.50 | 131.50 | 131.50 | 131.50 | 131.50 | 131.50 | 131.50 | 131.50 | 131.50 | 131.50 | 131.50 | 131.50 | 131.50 | 131.50 | 131.50 | 131.50 | 131.50 | 131.50,79.53 | 79.53 | 79.53 | 79.53 | 79.53 | 79.53 | 79.53 | 79.53 | 79.53 | 79.53 | 79.53 | 79.53 | 79.53 | 79.53 | 79.53 | 79.53 | 79.53 | 79.53 | 79.53 | 79.53 | 79.53 | 79.53 | 79.53 | 79.53 | 79.53 | 79.53 | 79.53 | 79.53 | 79.53,6.747 | 6.747 | 6.747 | 6.747 | 6.747 | 6.747 | 6.747 | 6.747 | 6.747 | 6.747 | 6.747 | 6.747 | 6.747 | 6.747 | 6.747 | 6.747 | 6.747 | 6.747 | 6.747 | 6.747 | 6.747 | 6.747 | 6.747 | 6.747 | 6.747 | 6.747 | 6.747 | 6.747 | 6.747,72.626 | 72.626 | 72.626 | 72.626 | 72.626 | 72.626 | 72.626 | 72.626 | 72.626 | 72.626 | 72.626 | 72.626 | 72.626 | 72.626 | 72.626 | 72.626 | 72.626 | 72.626 | 72.626 | 72.626 | 72.626 | 72.626 | 72.626 | 72.626 | 72.626 | 72.626 | 72.626 | 72.626 | 72.626,US$,<span class='i340'>Call for Price</span>,,,,,,,,,,,https://varshastones.slabware.com/Kitchen_Visualizer.aspx?MaterialKit=ALPINUS,7f62f70e-76f3-41b3-b630-582f5f3655e9.jpg,https://varshastones.slabware.com/backendGranite/cadastros/Bundles/fotos/2592/7f62f70e-76f3-41b3-b630-582f5f3655e9.jpg,https://varshastones.slabware.com/backendGranite/cadastros/Bundles/fotos/2592/7f62f70e-76f3-41b3-b630-582f5f3655e9_crop_555x300.jpg,https://varshastones.slabware.com/backendGranite/cadastros/bundles/fotos/2592/7f62f70e-76f3-41b3-b630-582f5f3655e9.jpg | https://varshastones.slabware.com/backendGranite/cadastros/bundles/fotos/2592/ec330c78-ca3a-496b-a29f-ed7265c4c3d6.jpg | https://varshastones.slabware.com/backendGranite/cadastros/bundles/fotos/2592/ee9c8551-d967-41de-a462-eb90b45daff8.jpg,3,2592_1.jpg | 2592_2.jpg | 2592_3.jpg,full | full | full,2026-05-08 21:38:12
2174,ALPINUS,EXOTIC / ,2545,,Polished,2cm,Premium,Exotic,,18,49 - 50 - 51 - 52 - 53 - 54 - 55 ...,18,499,new,,,,3.1m x 1.99m,3.10m x 1.99m = 6.169 Sq.Mt.,,"1,195.200",111.042,"3,152.236 Sq.Mt.",63072 | 63073 | 63074 | 63075 | 63076 | 63077 | 63078 | 63079 | 63080 | 63081 | 63082 | 63083 | 63084 | 63085 | 63086 | 63087 | 63088 | 63089,49 | 50 | 51 | 52 | 53 | 54 | 55 | 56 | 57 | 58 | 59 | 60 | 61 | 62 | 63 | 64 | 65 | 66,3.10 | 3.10 | 3.10 | 3.10 | 3.10 | 3.10 | 3.10 | 3.10 | 3.10 | 3.10 | 3.10 | 3.10 | 3.10 | 3.10 | 3.10 | 3.10 | 3.10 | 3.10,1.99 | 1.99 | 1.99 | 1.99 | 1.99 | 1.99 | 1.99 | 1.99 | 1.99 | 1.99 | 1.99 | 1.99 | 1.99 | 1.99 | 1.99 | 1.99 | 1.99 | 1.99,122.05 | 122.05 | 122.05 | 122.05 | 122.05 | 122.05 | 122.05 | 122.05 | 122.05 | 122.05 | 122.05 | 122.05 | 122.05 | 122.05 | 122.05 | 122.05 | 122.05 | 122.05,78.35 | 78.35 | 78.35 | 78.35 | 78.35 | 78.35 | 78.35 | 78.35 | 78.35 | 78.35 | 78.35 | 78.35 | 78.35 | 78.35 | 78.35 | 78.35 | 78.35 | 78.35,6.169 | 6.169 | 6.169 | 6.169 | 6.169 | 6.169 | 6.169 | 6.169 | 6.169 | 6.169 | 6.169 | 6.169 | 6.169 | 6.169 | 6.169 | 6.169 | 6.169 | 6.169,66.40 | 66.40 | 66.40 | 66.40 | 66.40 | 66.40 | 66.40 | 66.40 | 66.40 | 66.40 | 66.40 | 66.40 | 66.40 | 66.40 | 66.40 | 66.40 | 66.40 | 66.40,US$,<span class='i340'>Call for Price</span>,,,,,,,,,,https://youtu.be/PHcGMO-df6k,https://varshastones.slabware.com/Kitchen_Visualizer.aspx?MaterialKit=ALPINUS,8f86fd65-7e67-418a-848d-b21acdbc5671.jpg,https://varshastones.slabware.com/backendGranite/cadastros/Bundles/fotos/2174/8f86fd65-7e67-418a-848d-b21acdbc5671.jpg,https://varshastones.slabware.com/backendGranite/cadastros/Bundles/fotos/2174/8f86fd65-7e67-418a-848d-b21acdbc5671_crop_555x300.jpg,https://varshastones.slabware.com/backendGranite/cadastros/bundles/fotos/2174/8f86fd65-7e67-418a-848d-b21acdbc5671.jpg | https://varshastones.slabware.com/backendGranite/cadastros/bundles/fotos/2174/6b4f6c24-5bbd-4c48-92e8-64bff7081986.jpg | https://varshastones.slabware.com/backendGranite/cadastros/bundles/fotos/2174/a56acb51-7c62-41dd-b259-bb75b27f53a5.jpg | https://varshastones.slabware.com/backendGranite/cadastros/bundles/fotos/2174/f61b3aba-1015-4451-bc20-abb022df57bd.jpg,4,2174_1.jpg | 2174_2.jpg | 2174_3.jpg | 2174_4.jpg,full | full | full | full,2026-05-08 21:38:12
3303,ALPINUS,EXOTIC / ,2640,,Polished,2cm,Premium,Exotic,,63,1 - 2 - 3 - 4 - 5 - 6 - 7 - 8 -  ...,63,499,new,,,,3.44m x 1.99m,3.44m x 1.99m = 6.846 Sq.Mt.,,"4,642.281",431.298,"3,152.236 Sq.Mt.",95023 | 95024 | 95025 | 95026 | 95027 | 95028 | 95029 | 95030 | 95031 | 95032 | 95033 | 95034 | 95035 | 95036 | 95037 | 95038 | 95039 | 95040 | 95041 | 95042 | 95043 | 95044 | 95045 | 95046 | 95047 | 95048 | 95049 | 95050 | 95051 | 95052 | 95053 | 95054 | 95055 | 95056 | 95057 | 95058 | 95059 | 95060 | 95061 | 95062 | 95063 | 95064 | 95065 | 95066 | 95067 | 95068 | 95069 | 95070 | 95071 | 95072 | 95073 | 95074 | 95075 | 95076 | 95077 | 95078 | 95079 | 95080 | 95081 | 95082 | 95083 | 95084 | 95085,1 | 2 | 3 | 4 | 5 | 6 | 7 | 8 | 9 | 10 | 11 | 12 | 13 | 14 | 15 | 16 | 17 | 18 | 19 | 20 | 21 | 22 | 23 | 24 | 25 | 26 | 27 | 28 | 29 | 30 | 31 | 32 | 33 | 34 | 35 | 36 | 37 | 38 | 39 | 40 | 41 | 42 | 43 | 44 | 45 | 46 | 47 | 48 | 49 | 50 | 51 | 52 | 53 | 54 | 55 | 56 | 57 | 58 | 59 | 60 | 61 | 62 | 63,3.44 | 3.44 | 3.44 | 3.44 | 3.44 | 3.44 | 3.44 | 3.44 | 3.44 | 3.44 | 3.44 | 3.44 | 3.44 | 3.44 | 3.44 | 3.44 | 3.44 | 3.44 | 3.44 | 3.44 | 3.44 | 3.44 | 3.44 | 3.44 | 3.44 | 3.44 | 3.44 | 3.44 | 3.44 | 3.44 | 3.44 | 3.44 | 3.44 | 3.44 | 3.44 | 3.44 | 3.44 | 3.44 | 3.44 | 3.44 | 3.44 | 3.44 | 3.44 | 3.44 | 3.44 | 3.44 | 3.44 | 3.44 | 3.44 | 3.44 | 3.44 | 3.44 | 3.44 | 3.44 | 3.44 | 3.44 | 3.44 | 3.44 | 3.44 | 3.44 | 3.44 | 3.44 | 3.44,1.99 | 1.99 | 1.99 | 1.99 | 1.99 | 1.99 | 1.99 | 1.99 | 1.99 | 1.99 | 1.99 | 1.99 | 1.99 | 1.99 | 1.99 | 1.99 | 1.99 | 1.99 | 1.99 | 1.99 | 1.99 | 1.99 | 1.99 | 1.99 | 1.99 | 1.99 | 1.99 | 1.99 | 1.99 | 1.99 | 1.99 | 1.99 | 1.99 | 1.99 | 1.99 | 1.99 | 1.99 | 1.99 | 1.99 | 1.99 | 1.99 | 1.99 | 1.99 | 1.99 | 1.99 | 1.99 | 1.99 | 1.99 | 1.99 | 1.99 | 1.99 | 1.99 | 1.99 | 1.99 | 1.99 | 1.99 | 1.99 | 1.99 | 1.99 | 1.99 | 1.99 | 1.99 | 1.99,135.43 | 135.43 | 135.43 | 135.43 | 135.43 | 135.43 | 135.43 | 135.43 | 135.43 | 135.43 | 135.43 | 135.43 | 135.43 | 135.43 | 135.43 | 135.43 | 135.43 | 135.43 | 135.43 | 135.43 | 135.43 | 135.43 | 135.43 | 135.43 | 135.43 | 135.43 | 135.43 | 135.43 | 135.43 | 135.43 | 135.43 | 135.43 | 135.43 | 135.43 | 135.43 | 135.43 | 135.43 | 135.43 | 135.43 | 135.43 | 135.43 | 135.43 | 135.43 | 135.43 | 135.43 | 135.43 | 135.43 | 135.43 | 135.43 | 135.43 | 135.43 | 135.43 | 135.43 | 135.43 | 135.43 | 135.43 | 135.43 | 135.43 | 135.43 | 135.43 | 135.43 | 135.43 | 135.43,78.35 | 78.35 | 78.35 | 78.35 | 78.35 | 78.35 | 78.35 | 78.35 | 78.35 | 78.35 | 78.35 | 78.35 | 78.35 | 78.35 | 78.35 | 78.35 | 78.35 | 78.35 | 78.35 | 78.35 | 78.35 | 78.35 | 78.35 | 78.35 | 78.35 | 78.35 | 78.35 | 78.35 | 78.35 | 78.35 | 78.35 | 78.35 | 78.35 | 78.35 | 78.35 | 78.35 | 78.35 | 78.35 | 78.35 | 78.35 | 78.35 | 78.35 | 78.35 | 78.35 | 78.35 | 78.35 | 78.35 | 78.35 | 78.35 | 78.35 | 78.35 | 78.35 | 78.35 | 78.35 | 78.35 | 78.35 | 78.35 | 78.35 | 78.35 | 78.35 | 78.35 | 78.35 | 78.35,6.846 | 6.846 | 6.846 | 6.846 | 6.846 | 6.846 | 6.846 | 6.846 | 6.846 | 6.846 | 6.846 | 6.846 | 6.846 | 6.846 | 6.846 | 6.846 | 6.846 | 6.846 | 6.846 | 6.846 | 6.846 | 6.846 | 6.846 | 6.846 | 6.846 | 6.846 | 6.846 | 6.846 | 6.846 | 6.846 | 6.846 | 6.846 | 6.846 | 6.846 | 6.846 | 6.846 | 6.846 | 6.846 | 6.846 | 6.846 | 6.846 | 6.846 | 6.846 | 6.846 | 6.846 | 6.846 | 6.846 | 6.846 | 6.846 | 6.846 | 6.846 | 6.846 | 6.846 | 6.846 | 6.846 | 6.846 | 6.846 | 6.846 | 6.846 | 6.846 | 6.846 | 6.846 | 6.846,73.687 | 73.687 | 73.687 | 73.687 | 73.687 | 73.687 | 73.687 | 73.687 | 73.687 | 73.687 | 73.687 | 73.687 | 73.687 | 73.687 | 73.687 | 73.687 | 73.687 | 73.687 | 73.687 | 73.687 | 73.687 | 73.687 | 73.687 | 73.687 | 73.687 | 73.687 | 73.687 | 73.687 | 73.687 | 73.687 | 73.687 | 73.687 | 73.687 | 73.687 | 73.687 | 73.687 | 73.687 | 73.687 | 73.687 | 73.687 | 73.687 | 73.687 | 73.687 | 73.687 | 73.687 | 73.687 | 73.687 | 73.687 | 73.687 | 73.687 | 73.687 | 73.687 | 73.687 | 73.687 | 73.687 | 73.687 | 73.687 | 73.687 | 73.687 | 73.687 | 73.687 | 73.687 | 73.687,US$,<span class='i340'>Call for Price</span>,,,,,,,,,,,https://varshastones.slabware.com/Kitchen_Visualizer.aspx?MaterialKit=ALPINUS,0bdbe3c7-c9ec-4e88-a536-50da06e6d274.jpg,https://varshastones.slabware.com/backendGranite/cadastros/Bundles/fotos/3303/0bdbe3c7-c9ec-4e88-a536-50da06e6d274.jpg,https://varshastones.slabware.com/backendGranite/cadastros/Bundles/fotos/3303/0bdbe3c7-c9ec-4e88-a536-50da06e6d274_crop_555x300.jpg,https://varshastones.slabware.com/backendGranite/cadastros/bundles/fotos/3303/0bdbe3c7-c9ec-4e88-a536-50da06e6d274.jpg | https://varshastones.slabware.com/backendGranite/cadastros/bundles/fotos/3303/db7432ad-4d38-4913-a618-adf6d3f42975.jpg | https://varshastones.slabware.com/backendGranite/cadastros/bundles/fotos/3303/ecb8dcc0-fe69-48cf-a278-eac7f2fad17e.jpg | https://varshastones.slabware.com/backendGranite/cadastros/bundles/fotos/3303/c7f8a5c2-45e4-4e39-85fd-76e844d7e983.jpg | https://varshastones.slabware.com/backendGranite/cadastros/bundles/fotos/3303/2b508ea2-ff80-4b34-bd04-cc07a857cc30.jpg | https://varshastones.slabware.com/backendGranite/cadastros/bundles/fotos/3303/7e780f88-d946-4f0f-ac0f-3ead3a0025bd.jpg,6,3303_1.jpg | 3303_2.jpg | 3303_3.jpg | 3303_4.jpg | 3303_5.jpg | 3303_6.jpg,full | full | full | full | full | full,2026-05-08 21:38:12
2763,ALPINUS,EXOTIC / ,2642,,Polished,2cm,Premium,Exotic,,24,1 - 2 - 3 - 4 - 5 - 6 - 7 - 8 -  ...,24,499,new,,,,3.2m x 1.89m,3.20m x 1.89m = 6.048 Sq.Mt.,,"1,562.364",145.152,"3,152.236 Sq.Mt.",80444 | 80445 | 80446 | 80447 | 80448 | 80449 | 93488 | 93489 | 93490 | 93491 | 93492 | 93493 | 93494 | 93495 | 93496 | 93497 | 93498 | 93499 | 93500 | 93501 | 93502 | 93503 | 93504 | 93505,1 | 2 | 3 | 4 | 5 | 6 | 7 | 8 | 9 | 10 | 11 | 12 | 13 | 14 | 15 | 16 | 17 | 18 | 19 | 20 | 21 | 22 | 23 | 24,3.20 | 3.20 | 3.20 | 3.20 | 3.20 | 3.20 | 3.20 | 3.20 | 3.20 | 3.20 | 3.20 | 3.20 | 3.20 | 3.20 | 3.20 | 3.20 | 3.20 | 3.20 | 3.20 | 3.20 | 3.20 | 3.20 | 3.20 | 3.20,1.89 | 1.89 | 1.89 | 1.89 | 1.89 | 1.89 | 1.89 | 1.89 | 1.89 | 1.89 | 1.89 | 1.89 | 1.89 | 1.89 | 1.89 | 1.89 | 1.89 | 1.89 | 1.89 | 1.89 | 1.89 | 1.89 | 1.89 | 1.89,125.98 | 125.98 | 125.98 | 125.98 | 125.98 | 125.98 | 125.98 | 125.98 | 125.98 | 125.98 | 125.98 | 125.98 | 125.98 | 125.98 | 125.98 | 125.98 | 125.98 | 125.98 | 125.98 | 125.98 | 125.98 | 125.98 | 125.98 | 125.98,74.41 | 74.41 | 74.41 | 74.41 | 74.41 | 74.41 | 74.41 | 74.41 | 74.41 | 74.41 | 74.41 | 74.41 | 74.41 | 74.41 | 74.41 | 74.41 | 74.41 | 74.41 | 74.41 | 74.41 | 74.41 | 74.41 | 74.41 | 74.41,6.048 | 6.048 | 6.048 | 6.048 | 6.048 | 6.048 | 6.048 | 6.048 | 6.048 | 6.048 | 6.048 | 6.048 | 6.048 | 6.048 | 6.048 | 6.048 | 6.048 | 6.048 | 6.048 | 6.048 | 6.048 | 6.048 | 6.048 | 6.048,65.10 | 65.10 | 65.10 | 65.10 | 65.10 | 65.10 | 65.098 | 65.098 | 65.098 | 65.098 | 65.098 | 65.098 | 65.098 | 65.098 | 65.098 | 65.098 | 65.098 | 65.098 | 65.098 | 65.098 | 65.098 | 65.098 | 65.098 | 65.098,US$,<span class='i340'>Call for Price</span>,,,,,,,,,,,https://varshastones.slabware.com/Kitchen_Visualizer.aspx?MaterialKit=ALPINUS,4b7acfb8-5b65-4d2a-b57b-d76ff632ced4.jpg,https://varshastones.slabware.com/backendGranite/cadastros/Bundles/fotos/2763/4b7acfb8-5b65-4d2a-b57b-d76ff632ced4.jpg,https://varshastones.slabware.com/backendGranite/cadastros/Bundles/fotos/2763/4b7acfb8-5b65-4d2a-b57b-d76ff632ced4_crop_555x300.jpg,https://varshastones.slabware.com/backendGranite/cadastros/bundles/fotos/2763/4b7acfb8-5b65-4d2a-b57b-d76ff632ced4.jpg | https://varshastones.slabware.com/backendGranite/cadastros/bundles/fotos/2763/d4d7ae19-7a34-4c07-80a0-3eabeb3d4d40.jpg | https://varshastones.slabware.com/backendGranite/cadastros/bundles/fotos/2763/6f300510-9909-4f89-b66b-5068d53bcda5.jpg | https://varshastones.slabware.com/backendGranite/cadastros/bundles/fotos/2763/9f392768-2b99-4864-bb93-db1beeb186ef.jpg | https://varshastones.slabware.com/backendGranite/cadastros/bundles/fotos/2763/98b99fd5-b995-4883-b4fa-39536acd3bd8.jpg | https://varshastones.slabware.com/backendGranite/cadastros/bundles/fotos/2763/f4bd4217-6f49-46c6-82ef-fd41b5f2e426.jpg | https://varshastones.slabware.com/backendGranite/cadastros/bundles/fotos/2763/1969eb8d-8940-4c98-aecd-ec73df2d6a2b.jpg | https://varshastones.slabware.com/backendGranite/cadastros/bundles/fotos/2763/7f29bd65-5081-447b-91d7-fa5bf6919bcb.jpg,8,2763_1.jpg | 2763_2.jpg | 2763_3.jpg | 2763_4.jpg | 2763_5.jpg | 2763_6.jpg | 2763_7.jpg | 2763_8.jpg,full | full | full | full | full | full | full | full,2026-05-08 21:38:12
2685,ALPINUS,EXOTIC / ,2710,,Polished,2cm,Premium,Exotic,,47,1 - 2 - 3 - 4 - 5 - 6 - 7 - 8 -  ...,47,499,new,,,,3.15m x 1.95m,3.15m x 1.95m = 6.143 Sq.Mt.,,"3,107.546",288.721,"3,152.236 Sq.Mt.",78102 | 78103 | 78104 | 78105 | 78106 | 78107 | 78108 | 78109 | 78110 | 78111 | 78112 | 78113 | 78114 | 78115 | 78116 | 78117 | 78118 | 78119 | 78120 | 78121 | 78122 | 78123 | 78124 | 78125 | 78126 | 78127 | 78128 | 78129 | 78130 | 78131 | 78132 | 78133 | 78134 | 78135 | 78136 | 78137 | 78138 | 78139 | 78140 | 78141 | 78142 | 78143 | 78144 | 78145 | 78146 | 78147 | 78148,1 | 2 | 3 | 4 | 5 | 6 | 7 | 8 | 9 | 10 | 11 | 12 | 13 | 14 | 15 | 16 | 17 | 18 | 19 | 20 | 21 | 22 | 23 | 24 | 25 | 26 | 27 | 28 | 29 | 30 | 31 | 32 | 33 | 34 | 35 | 36 | 37 | 38 | 39 | 40 | 41 | 42 | 43 | 44 | 45 | 46 | 47,3.15 | 3.15 | 3.15 | 3.15 | 3.15 | 3.15 | 3.15 | 3.15 | 3.15 | 3.15 | 3.15 | 3.15 | 3.15 | 3.15 | 3.15 | 3.15 | 3.15 | 3.15 | 3.15 | 3.15 | 3.15 | 3.15 | 3.15 | 3.15 | 3.15 | 3.15 | 3.15 | 3.15 | 3.15 | 3.15 | 3.15 | 3.15 | 3.15 | 3.15 | 3.15 | 3.15 | 3.15 | 3.15 | 3.15 | 3.15 | 3.15 | 3.15 | 3.15 | 3.15 | 3.15 | 3.15 | 3.15,1.95 | 1.95 | 1.95 | 1.95 | 1.95 | 1.95 | 1.95 | 1.95 | 1.95 | 1.95 | 1.95 | 1.95 | 1.95 | 1.95 | 1.95 | 1.95 | 1.95 | 1.95 | 1.95 | 1.95 | 1.95 | 1.95 | 1.95 | 1.95 | 1.95 | 1.95 | 1.95 | 1.95 | 1.95 | 1.95 | 1.95 | 1.95 | 1.95 | 1.95 | 1.95 | 1.95 | 1.95 | 1.95 | 1.95 | 1.95 | 1.95 | 1.95 | 1.95 | 1.95 | 1.95 | 1.95 | 1.95,124.02 | 124.02 | 124.02 | 124.02 | 124.02 | 124.02 | 124.02 | 124.02 | 124.02 | 124.02 | 124.02 | 124.02 | 124.02 | 124.02 | 124.02 | 124.02 | 124.02 | 124.02 | 124.02 | 124.02 | 124.02 | 124.02 | 124.02 | 124.02 | 124.02 | 124.02 | 124.02 | 124.02 | 124.02 | 124.02 | 124.02 | 124.02 | 124.02 | 124.02 | 124.02 | 124.02 | 124.02 | 124.02 | 124.02 | 124.02 | 124.02 | 124.02 | 124.02 | 124.02 | 124.02 | 124.02 | 124.02,76.77 | 76.77 | 76.77 | 76.77 | 76.77 | 76.77 | 76.77 | 76.77 | 76.77 | 76.77 | 76.77 | 76.77 | 76.77 | 76.77 | 76.77 | 76.77 | 76.77 | 76.77 | 76.77 | 76.77 | 76.77 | 76.77 | 76.77 | 76.77 | 76.77 | 76.77 | 76.77 | 76.77 | 76.77 | 76.77 | 76.77 | 76.77 | 76.77 | 76.77 | 76.77 | 76.77 | 76.77 | 76.77 | 76.77 | 76.77 | 76.77 | 76.77 | 76.77 | 76.77 | 76.77 | 76.77 | 76.77,6.143 | 6.143 | 6.143 | 6.143 | 6.143 | 6.143 | 6.143 | 6.143 | 6.143 | 6.143 | 6.143 | 6.143 | 6.143 | 6.143 | 6.143 | 6.143 | 6.143 | 6.143 | 6.143 | 6.143 | 6.143 | 6.143 | 6.143 | 6.143 | 6.143 | 6.143 | 6.143 | 6.143 | 6.143 | 6.143 | 6.143 | 6.143 | 6.143 | 6.143 | 6.143 | 6.143 | 6.143 | 6.143 | 6.143 | 6.143 | 6.143 | 6.143 | 6.143 | 6.143 | 6.143 | 6.143 | 6.143,66.118 | 66.118 | 66.118 | 66.118 | 66.118 | 66.118 | 66.118 | 66.118 | 66.118 | 66.118 | 66.118 | 66.118 | 66.118 | 66.118 | 66.118 | 66.118 | 66.118 | 66.118 | 66.118 | 66.118 | 66.118 | 66.118 | 66.118 | 66.118 | 66.118 | 66.118 | 66.118 | 66.118 | 66.118 | 66.118 | 66.118 | 66.118 | 66.118 | 66.118 | 66.118 | 66.118 | 66.118 | 66.118 | 66.118 | 66.118 | 66.118 | 66.118 | 66.118 | 66.118 | 66.118 | 66.118 | 66.118,US$,<span class='i340'>Call for Price</span>,,,,,,,,,,,https://varshastones.slabware.com/Kitchen_Visualizer.aspx?MaterialKit=ALPINUS,d56c62c3-9b30-4b63-94d9-2bf8bc0558b9.jpg,https://varshastones.slabware.com/backendGranite/cadastros/Bundles/fotos/2685/d56c62c3-9b30-4b63-94d9-2bf8bc0558b9.jpg,https://varshastones.slabware.com/backendGranite/cadastros/Bundles/fotos/2685/d56c62c3-9b30-4b63-94d9-2bf8bc0558b9_crop_555x300.jpg,https://varshastones.slabware.com/backendGranite/cadastros/bundles/fotos/2685/d56c62c3-9b30-4b63-94d9-2bf8bc0558b9.jpg | https://varshastones.slabware.com/backendGranite/cadastros/bundles/fotos/2685/b28a7c2e-c007-4bdf-b1db-cc6f15b83dc6.jpg | https://varshastones.slabware.com/backendGranite/cadastros/bundles/fotos/2685/865c95a3-5cf6-4b4f-9f54-19ee4032ea6a.jpg | https://varshastones.slabware.com/backendGranite/cadastros/bundles/fotos/2685/05b426f8-6424-4878-b221-b7c492a24d8f.jpg | https://varshastones.slabware.com/backendGranite/cadastros/bundles/fotos/2685/4079230e-d0ac-44d1-a44e-5e914e1037bc.jpg | https://varshastones.slabware.com/backendGranite/cadastros/bundles/fotos/2685/d2b2ae30-4cb0-45f3-9846-a2252a61a13a.jpg | https://varshastones.slabware.com/backendGranite/cadastros/bundles/fotos/2685/77d8a883-822b-4963-988f-0fefd82fedf8.jpg | https://varshastones.slabware.com/backendGranite/cadastros/bundles/fotos/2685/0c6bce7b-c691-493a-8e03-b9129d4c02ab.jpg,8,2685_1.jpg | 2685_2.jpg | 2685_3.jpg | 2685_4.jpg | 2685_5.jpg | 2685_6.jpg | 2685_7.jpg | 2685_8.jpg,full | full | full | full | full | full | full | full,2026-05-08 21:38:12
2998,ALPINUS,EXOTIC / ,2716,,Polished,2cm,Premium,Exotic,,54,1 - 2 - 3 - 4 - 5 - 6 - 7 - 8 -  ...,54,499,new,,,,3.1m x 1.92m,3.10m x 1.92m = 5.952 Sq.Mt.,,"3,459.672",321.408,"3,152.236 Sq.Mt.",86689 | 86690 | 86691 | 86692 | 86693 | 86694 | 86695 | 86696 | 86697 | 86698 | 86699 | 86700 | 86701 | 86702 | 86703 | 86704 | 86705 | 86706 | 86707 | 86708 | 86709 | 86710 | 86711 | 86712 | 86713 | 86714 | 86715 | 86716 | 86717 | 86718 | 86719 | 86720 | 86721 | 86722 | 86723 | 86724 | 86725 | 86726 | 86727 | 86728 | 86729 | 86730 | 86731 | 86732 | 86733 | 86734 | 86735 | 86736 | 86737 | 86738 | 86739 | 86740 | 86741 | 86742,1 | 2 | 3 | 4 | 5 | 6 | 7 | 8 | 9 | 10 | 11 | 12 | 13 | 14 | 15 | 16 | 17 | 18 | 19 | 20 | 21 | 22 | 23 | 24 | 25 | 26 | 27 | 28 | 29 | 30 | 31 | 32 | 33 | 34 | 35 | 36 | 37 | 38 | 39 | 40 | 41 | 42 | 43 | 44 | 45 | 46 | 47 | 48 | 49 | 50 | 51 | 52 | 53 | 54,3.10 | 3.10 | 3.10 | 3.10 | 3.10 | 3.10 | 3.10 | 3.10 | 3.10 | 3.10 | 3.10 | 3.10 | 3.10 | 3.10 | 3.10 | 3.10 | 3.10 | 3.10 | 3.10 | 3.10 | 3.10 | 3.10 | 3.10 | 3.10 | 3.10 | 3.10 | 3.10 | 3.10 | 3.10 | 3.10 | 3.10 | 3.10 | 3.10 | 3.10 | 3.10 | 3.10 | 3.10 | 3.10 | 3.10 | 3.10 | 3.10 | 3.10 | 3.10 | 3.10 | 3.10 | 3.10 | 3.10 | 3.10 | 3.10 | 3.10 | 3.10 | 3.10 | 3.10 | 3.10,1.92 | 1.92 | 1.92 | 1.92 | 1.92 | 1.92 | 1.92 | 1.92 | 1.92 | 1.92 | 1.92 | 1.92 | 1.92 | 1.92 | 1.92 | 1.92 | 1.92 | 1.92 | 1.92 | 1.92 | 1.92 | 1.92 | 1.92 | 1.92 | 1.92 | 1.92 | 1.92 | 1.92 | 1.92 | 1.92 | 1.92 | 1.92 | 1.92 | 1.92 | 1.92 | 1.92 | 1.92 | 1.92 | 1.92 | 1.92 | 1.92 | 1.92 | 1.92 | 1.92 | 1.92 | 1.92 | 1.92 | 1.92 | 1.92 | 1.92 | 1.92 | 1.92 | 1.92 | 1.92,122.05 | 122.05 | 122.05 | 122.05 | 122.05 | 122.05 | 122.05 | 122.05 | 122.05 | 122.05 | 122.05 | 122.05 | 122.05 | 122.05 | 122.05 | 122.05 | 122.05 | 122.05 | 122.05 | 122.05 | 122.05 | 122.05 | 122.05 | 122.05 | 122.05 | 122.05 | 122.05 | 122.05 | 122.05 | 122.05 | 122.05 | 122.05 | 122.05 | 122.05 | 122.05 | 122.05 | 122.05 | 122.05 | 122.05 | 122.05 | 122.05 | 122.05 | 122.05 | 122.05 | 122.05 | 122.05 | 122.05 | 122.05 | 122.05 | 122.05 | 122.05 | 122.05 | 122.05 | 122.05,75.59 | 75.59 | 75.59 | 75.59 | 75.59 | 75.59 | 75.59 | 75.59 | 75.59 | 75.59 | 75.59 | 75.59 | 75.59 | 75.59 | 75.59 | 75.59 | 75.59 | 75.59 | 75.59 | 75.59 | 75.59 | 75.59 | 75.59 | 75.59 | 75.59 | 75.59 | 75.59 | 75.59 | 75.59 | 75.59 | 75.59 | 75.59 | 75.59 | 75.59 | 75.59 | 75.59 | 75.59 | 75.59 | 75.59 | 75.59 | 75.59 | 75.59 | 75.59 | 75.59 | 75.59 | 75.59 | 75.59 | 75.59 | 75.59 | 75.59 | 75.59 | 75.59 | 75.59 | 75.59,5.952 | 5.952 | 5.952 | 5.952 | 5.952 | 5.952 | 5.952 | 5.952 | 5.952 | 5.952 | 5.952 | 5.952 | 5.952 | 5.952 | 5.952 | 5.952 | 5.952 | 5.952 | 5.952 | 5.952 | 5.952 | 5.952 | 5.952 | 5.952 | 5.952 | 5.952 | 5.952 | 5.952 | 5.952 | 5.952 | 5.952 | 5.952 | 5.952 | 5.952 | 5.952 | 5.952 | 5.952 | 5.952 | 5.952 | 5.952 | 5.952 | 5.952 | 5.952 | 5.952 | 5.952 | 5.952 | 5.952 | 5.952 | 5.952 | 5.952 | 5.952 | 5.952 | 5.952 | 5.952,64.068 | 64.068 | 64.068 | 64.068 | 64.068 | 64.068 | 64.068 | 64.068 | 64.068 | 64.068 | 64.068 | 64.068 | 64.068 | 64.068 | 64.068 | 64.068 | 64.068 | 64.068 | 64.068 | 64.068 | 64.068 | 64.068 | 64.068 | 64.068 | 64.068 | 64.068 | 64.068 | 64.068 | 64.068 | 64.068 | 64.068 | 64.068 | 64.068 | 64.068 | 64.068 | 64.068 | 64.068 | 64.068 | 64.068 | 64.068 | 64.068 | 64.068 | 64.068 | 64.068 | 64.068 | 64.068 | 64.068 | 64.068 | 64.068 | 64.068 | 64.068 | 64.068 | 64.068 | 64.068,US$,<span class='i340'>Call for Price</span>,,,,,,,,,,,https://varshastones.slabware.com/Kitchen_Visualizer.aspx?MaterialKit=ALPINUS,d9a7b7e5-825e-4a78-96df-75b0affccdb2.jpg,https://varshastones.slabware.com/backendGranite/cadastros/Bundles/fotos/2998/d9a7b7e5-825e-4a78-96df-75b0affccdb2.jpg,https://varshastones.slabware.com/backendGranite/cadastros/Bundles/fotos/2998/d9a7b7e5-825e-4a78-96df-75b0affccdb2_crop_555x300.jpg,https://varshastones.slabware.com/backendGranite/cadastros/bundles/fotos/2998/d9a7b7e5-825e-4a78-96df-75b0affccdb2.jpg | https://varshastones.slabware.com/backendGranite/cadastros/bundles/fotos/2998/67942f9a-e976-460a-840e-87aa3f5c1ea9.jpg | https://varshastones.slabware.com/backendGranite/cadastros/bundles/fotos/2998/ac13724a-6e9e-40b2-b037-608396de22f0.jpg | https://varshastones.slabware.com/backendGranite/cadastros/bundles/fotos/2998/14e27320-db25-4cf4-8a32-ea4a56e26bc9.jpg | https://varshastones.slabware.com/backendGranite/cadastros/bundles/fotos/2998/82d5b9c4-b508-4938-b068-c63f20404b5e.jpg | https://varshastones.slabware.com/backendGranite/cadastros/bundles/fotos/2998/2f8c6aa2-152a-4894-8905-481c1d6d8236.jpg,6,2998_1.jpg | 2998_2.jpg | 2998_3.jpg | 2998_4.jpg | 2998_5.jpg | 2998_6.jpg,full | full | full | full | full | full,2026-05-08 21:38:12
2876,ALPINUS,EXOTIC / ,2717,,Polished,2cm,Premium,Exotic,,43,1 - 2 - 3 - 4 - 5 - 6 - 7 - 8 -  ...,43,499,,,,,3.24m x 1.95m,3.24m x 1.95m = 6.318 Sq.Mt.,,"2,924.220",271.674,"3,152.236 Sq.Mt.",83227 | 83228 | 83229 | 83230 | 83231 | 83232 | 83233 | 83234 | 83235 | 83236 | 83237 | 83238 | 83239 | 83240 | 83241 | 83242 | 83243 | 83244 | 83245 | 83246 | 83247 | 83248 | 83249 | 83250 | 83251 | 83252 | 83253 | 83254 | 83255 | 83256 | 83257 | 83258 | 83259 | 83260 | 83261 | 83262 | 83263 | 83264 | 83265 | 83266 | 83267 | 83268 | 83281,1 | 2 | 3 | 4 | 5 | 6 | 7 | 8 | 9 | 10 | 11 | 12 | 13 | 14 | 15 | 16 | 17 | 18 | 19 | 20 | 21 | 22 | 23 | 24 | 25 | 26 | 27 | 28 | 29 | 30 | 31 | 32 | 33 | 34 | 35 | 36 | 37 | 38 | 39 | 40 | 41 | 42 | 55,3.24 | 3.24 | 3.24 | 3.24 | 3.24 | 3.24 | 3.24 | 3.24 | 3.24 | 3.24 | 3.24 | 3.24 | 3.24 | 3.24 | 3.24 | 3.24 | 3.24 | 3.24 | 3.24 | 3.24 | 3.24 | 3.24 | 3.24 | 3.24 | 3.24 | 3.24 | 3.24 | 3.24 | 3.24 | 3.24 | 3.24 | 3.24 | 3.24 | 3.24 | 3.24 | 3.24 | 3.24 | 3.24 | 3.24 | 3.24 | 3.24 | 3.24 | 3.24,1.95 | 1.95 | 1.95 | 1.95 | 1.95 | 1.95 | 1.95 | 1.95 | 1.95 | 1.95 | 1.95 | 1.95 | 1.95 | 1.95 | 1.95 | 1.95 | 1.95 | 1.95 | 1.95 | 1.95 | 1.95 | 1.95 | 1.95 | 1.95 | 1.95 | 1.95 | 1.95 | 1.95 | 1.95 | 1.95 | 1.95 | 1.95 | 1.95 | 1.95 | 1.95 | 1.95 | 1.95 | 1.95 | 1.95 | 1.95 | 1.95 | 1.95 | 1.95,127.56 | 127.56 | 127.56 | 127.56 | 127.56 | 127.56 | 127.56 | 127.56 | 127.56 | 127.56 | 127.56 | 127.56 | 127.56 | 127.56 | 127.56 | 127.56 | 127.56 | 127.56 | 127.56 | 127.56 | 127.56 | 127.56 | 127.56 | 127.56 | 127.56 | 127.56 | 127.56 | 127.56 | 127.56 | 127.56 | 127.56 | 127.56 | 127.56 | 127.56 | 127.56 | 127.56 | 127.56 | 127.56 | 127.56 | 127.56 | 127.56 | 127.56 | 127.56,76.77 | 76.77 | 76.77 | 76.77 | 76.77 | 76.77 | 76.77 | 76.77 | 76.77 | 76.77 | 76.77 | 76.77 | 76.77 | 76.77 | 76.77 | 76.77 | 76.77 | 76.77 | 76.77 | 76.77 | 76.77 | 76.77 | 76.77 | 76.77 | 76.77 | 76.77 | 76.77 | 76.77 | 76.77 | 76.77 | 76.77 | 76.77 | 76.77 | 76.77 | 76.77 | 76.77 | 76.77 | 76.77 | 76.77 | 76.77 | 76.77 | 76.77 | 76.77,6.318 | 6.318 | 6.318 | 6.318 | 6.318 | 6.318 | 6.318 | 6.318 | 6.318 | 6.318 | 6.318 | 6.318 | 6.318 | 6.318 | 6.318 | 6.318 | 6.318 | 6.318 | 6.318 | 6.318 | 6.318 | 6.318 | 6.318 | 6.318 | 6.318 | 6.318 | 6.318 | 6.318 | 6.318 | 6.318 | 6.318 | 6.318 | 6.318 | 6.318 | 6.318 | 6.318 | 6.318 | 6.318 | 6.318 | 6.318 | 6.318 | 6.318 | 6.318,68.005 | 68.005 | 68.005 | 68.005 | 68.005 | 68.005 | 68.005 | 68.005 | 68.005 | 68.005 | 68.005 | 68.005 | 68.005 | 68.005 | 68.005 | 68.005 | 68.005 | 68.005 | 68.005 | 68.005 | 68.005 | 68.005 | 68.005 | 68.005 | 68.005 | 68.005 | 68.005 | 68.005 | 68.005 | 68.005 | 68.005 | 68.005 | 68.005 | 68.005 | 68.005 | 68.005 | 68.005 | 68.005 | 68.005 | 68.005 | 68.005 | 68.005 | 68.01,US$,<span class='i340'>Call for Price</span>,,,,,,,,,,,https://varshastones.slabware.com/Kitchen_Visualizer.aspx?MaterialKit=ALPINUS,fc886457-5e58-4866-879e-50ad623690aa.jpg,https://varshastones.slabware.com/backendGranite/cadastros/Bundles/fotos/2876/fc886457-5e58-4866-879e-50ad623690aa.jpg,https://varshastones.slabware.com/backendGranite/cadastros/Bundles/fotos/2876/fc886457-5e58-4866-879e-50ad623690aa_crop_555x300.jpg,https://varshastones.slabware.com/backendGranite/cadastros/bundles/fotos/2876/fc886457-5e58-4866-879e-50ad623690aa.jpg | https://varshastones.slabware.com/backendGranite/cadastros/bundles/fotos/2876/8c9d26a3-2214-4b3e-8e34-f5d8cb873514.jpg | https://varshastones.slabware.com/backendGranite/cadastros/bundles/fotos/2876/fe0456e5-a45f-4498-9294-f285373727fb.jpg | https://varshastones.slabware.com/backendGranite/cadastros/bundles/fotos/2876/fc65e7f0-773b-4599-98a8-9822e91aff61.jpg | https://varshastones.slabware.com/backendGranite/cadastros/bundles/fotos/2876/0e582a36-16fd-4500-a549-9d77c595e737.jpg | https://varshastones.slabware.com/backendGranite/cadastros/bundles/fotos/2876/a064f73c-cefc-4fb4-a8a8-67c67d688205.jpg | https://varshastones.slabware.com/backendGranite/cadastros/bundles/fotos/2876/ee77e241-46de-4216-9f08-50f0bbf225a5.jpg | https://varshastones.slabware.com/backendGranite/cadastros/bundles/fotos/2876/2e48f8f2-4a40-409c-9a95-716016257e12.jpg | https://varshastones.slabware.com/backendGranite/cadastros/bundles/fotos/2876/6efd04bc-1699-41fe-9589-8c2f56143258.jpg,9,2876_1.jpg | 2876_2.jpg | 2876_3.jpg | 2876_4.jpg | 2876_5.jpg | 2876_6.jpg | 2876_7.jpg | 2876_8.jpg | 2876_9.jpg,full | full | full | full | full | full | full | full | full,2026-05-08 21:38:12
